INSERT INTO empresa (id, nome, logo, id_tipo_login, servidor_ad, ativo) VALUES(1, 'DSJ Consultoria e Desenvolvimento', NULL, 1, NULL, true);
INSERT INTO agendamento_areas (id, nome, data_cadastro) VALUES(1, 'Informática/TI', '2023-10-30 21:52:00.927');
INSERT INTO agendamento_areas (id, nome, data_cadastro) VALUES(2, 'Terapia Capilar', '2023-10-30 21:52:02.367');
INSERT INTO agendamento_areas (id, nome, data_cadastro) VALUES(3, 'Massoterapeuta', '2023-10-30 21:52:03.215');
INSERT INTO agendamento_areas (id, nome, data_cadastro) VALUES(4, 'Manicure/Pedicure', '2023-10-30 21:52:03.990');
INSERT INTO empresa_cliente (id, nome, logo, ativo, id_empresa) VALUES(1, 'Espaço dos Saberes', 'https://espacosaberfloripa.com.br/site/wp-content/uploads/2022/06/espaco-dos-sabores-logo.png', true, 1);
INSERT INTO empresa_cliente (id, nome, logo, ativo, id_empresa) VALUES(2, 'DSJ Sistemas', NULL, true, 1);
INSERT INTO empresa_cliente (id, nome, logo, ativo, id_empresa) VALUES(3, 'DLHouse', NULL, true, 1);
INSERT INTO empresa_cliente (id, nome, logo, ativo, id_empresa) VALUES(4, 'Superlative', NULL, true, 1);
INSERT INTO empresa_cliente (id, nome, logo, ativo, id_empresa) VALUES(5, 'Condoplay', NULL, true, 1);
INSERT INTO empresa_cliente (id, nome, logo, ativo, id_empresa) VALUES(6, 'Destra', NULL, true, 1);
INSERT INTO usuario (id, nome, email, senha, foto, id_tipo_login, is_admin, ativo, id_empresa) VALUES(1, 'Dilson Sordi Junior', 'dilson@sc.senac.br', '7c4a8d09ca3762af61e59520943dc26494f8941b', 'assets/img/users/dilson_sordi_junior.jpg', 1, 1, true, 1);
INSERT INTO usuario (id, nome, email, senha, foto, id_tipo_login, is_admin, ativo, id_empresa) VALUES(2, 'Cristian Scheffel Biacchi', 'csbiacchi@sc.senac.br', '7c4a8d09ca3762af61e59520943dc26494f8941b', 'assets/img/users/cristian_scheffel_biacchi.jpg', 1, 1, true, 1);

INSERT INTO projeto_situacao (id, nome, cor, visivel, encerra, id_empresa, datahora) VALUES(1, 'Na Fila', 'bg-warning', 1, NULL, 1, '2023-08-29 10:51:55.776');
INSERT INTO projeto_situacao (id, nome, cor, visivel, encerra, id_empresa, datahora) VALUES(2, 'Em Andamento', 'bg-primary', 1, NULL, 1, '2023-08-29 10:51:56.680');
INSERT INTO projeto_situacao (id, nome, cor, visivel, encerra, id_empresa, datahora) VALUES(3, 'Finalizado', 'bg-success', 1, true, 1, '2023-08-29 10:51:57.488');
INSERT INTO projeto_situacao (id, nome, cor, visivel, encerra, id_empresa, datahora) VALUES(4, 'Cancelado', 'bg-danger', 1, true, 1, '2023-08-29 10:52:41.745');
INSERT INTO projeto_situacao (id, nome, cor, visivel, encerra, id_empresa, datahora) VALUES(5, 'Congelado', NULL, 1, false, 1, '2023-11-07 17:10:38.065');
INSERT INTO projeto_tipo (id, nome, ativo, id_empresa, data_cadastro) VALUES(1, 'Desenvolvimento', 1, 1, '2023-08-29 11:13:34.108');
INSERT INTO projeto_tipo (id, nome, ativo, id_empresa, data_cadastro) VALUES(2, 'Consultoria', 1, 1, '2023-08-29 11:13:34.940');
INSERT INTO projeto_tipo (id, nome, ativo, id_empresa, data_cadastro) VALUES(3, 'Game Development', 1, 1, '2023-11-07 17:08:42.042');
INSERT INTO projeto (id, nome, descricao, inicio_estimado, termino_estimado, esforco_estimado, esforco_real, percentual_completo, id_responsavel, id_categoria, id_cliente, id_status, prioridade, valor_hora, receita_estimada, gasto_estimado, id_empresa) VALUES(1, 'Testes de Psicopedagogia', 'Testes de Psicopedagogia utilizando uma planilha de excel como exemplo para os calculos e entrada de campos.', '2023-05-10', '2023-12-31', 750.0, 78.0, 10.4, 1, 1, 1, 2, 1, 20.0, 8800.0, 2493.43, 1);
INSERT INTO projeto (id, nome, descricao, inicio_estimado, termino_estimado, esforco_estimado, esforco_real, percentual_completo, id_responsavel, id_categoria, id_cliente, id_status, prioridade, valor_hora, receita_estimada, gasto_estimado, id_empresa) VALUES(2, 'Gerenciamento de Projetos', 'Gerenciamento de Projetos baseado no site artia', '2023-01-01', '2023-12-31', 1300.0, 22.0, 1.69, 1, 1, 2, 2, 1, 20.0, 26900.0, 7400.392888888889, 1);
INSERT INTO projeto (id, nome, descricao, inicio_estimado, termino_estimado, esforco_estimado, esforco_real, percentual_completo, id_responsavel, id_categoria, id_cliente, id_status, prioridade, valor_hora, receita_estimada, gasto_estimado, id_empresa) VALUES(3, 'Consultoria Destra', 'Consultoria Destra', '2022-05-01', '2023-12-31', 405.0, 40.96, 10.11, 1, 2, 6, 2, 1, 46.0, 20700.0, 11526.28, 1);
INSERT INTO projeto_atividade (id, id_projeto, titulo, descricao, etapa, inicio_estimado, termino_estimado, esforco_estimado, esforco_real, percentual_completo, id_status_atividade, id_responsavel, criado_em, atualizado_em) VALUES(14, 3, 'Outubro 2023', '', 2, '2023-10-01', '2023-10-31', 110.0, 12.17, 11.063636363636364, 1, 1, '2023-11-03', '2023-11-03');
INSERT INTO projeto_atividade (id, id_projeto, titulo, descricao, etapa, inicio_estimado, termino_estimado, esforco_estimado, esforco_real, percentual_completo, id_status_atividade, id_responsavel, criado_em, atualizado_em) VALUES(13, 3, 'Julho 2023', '', 0, '2023-07-01', '2023-07-31', 45.0, 2.0399999999999996, 4.533333333333332, 1, 1, '2023-09-06', '2023-09-06');
INSERT INTO projeto_atividade (id, id_projeto, titulo, descricao, etapa, inicio_estimado, termino_estimado, esforco_estimado, esforco_real, percentual_completo, id_status_atividade, id_responsavel, criado_em, atualizado_em) VALUES(10, 2, 'Desenvolvimento Frontend (AngularJS)', NULL, 1, '2023-01-01', '2023-12-31', 650.0, 11.0, 1.6923076923076923, 1, 1, '2023-08-28', '2023-08-28');
INSERT INTO projeto_atividade (id, id_projeto, titulo, descricao, etapa, inicio_estimado, termino_estimado, esforco_estimado, esforco_real, percentual_completo, id_status_atividade, id_responsavel, criado_em, atualizado_em) VALUES(9, 1, 'Ajustes', NULL, 9, '2023-07-15', '2023-09-30', 400.0, 17.0, 4.25, 1, 1, '2023-08-28', '2023-08-28');
INSERT INTO projeto_atividade (id, id_projeto, titulo, descricao, etapa, inicio_estimado, termino_estimado, esforco_estimado, esforco_real, percentual_completo, id_status_atividade, id_responsavel, criado_em, atualizado_em) VALUES(12, 3, 'Agosto 2023', '', 1, '2023-08-01', '2023-08-31', 45.0, 24.25, 53.88, 1, 1, '2023-09-06', '2023-09-06');
INSERT INTO projeto_atividade (id, id_projeto, titulo, descricao, etapa, inicio_estimado, termino_estimado, esforco_estimado, esforco_real, percentual_completo, id_status_atividade, id_responsavel, criado_em, atualizado_em) VALUES(16, 3, 'Dezembro/2023', '', 12, '2023-12-01', '2023-12-31', 100.0, 0.0, 0.0, 1, 1, '2023-11-07', '2023-11-07');
INSERT INTO projeto_atividade (id, id_projeto, titulo, descricao, etapa, inicio_estimado, termino_estimado, esforco_estimado, esforco_real, percentual_completo, id_status_atividade, id_responsavel, criado_em, atualizado_em) VALUES(3, 1, 'Teste FVF', NULL, 3, '2023-06-10', '2023-06-15', 40.0, 6.0, 15.0, 2, 1, '2023-08-28', '2023-08-28');
INSERT INTO projeto_atividade (id, id_projeto, titulo, descricao, etapa, inicio_estimado, termino_estimado, esforco_estimado, esforco_real, percentual_completo, id_status_atividade, id_responsavel, criado_em, atualizado_em) VALUES(4, 1, 'Teste FVS', NULL, 4, '2023-06-15', '2023-06-20', 40.0, 6.0, 15.0, 2, 1, '2023-08-28', '2023-08-28');
INSERT INTO projeto_atividade (id, id_projeto, titulo, descricao, etapa, inicio_estimado, termino_estimado, esforco_estimado, esforco_real, percentual_completo, id_status_atividade, id_responsavel, criado_em, atualizado_em) VALUES(5, 1, 'Teste THI', NULL, 5, '2023-06-20', '2023-06-25', 40.0, 6.0, 15.0, 2, 1, '2023-08-28', '2023-08-28');
INSERT INTO projeto_atividade (id, id_projeto, titulo, descricao, etapa, inicio_estimado, termino_estimado, esforco_estimado, esforco_real, percentual_completo, id_status_atividade, id_responsavel, criado_em, atualizado_em) VALUES(6, 1, 'Teste GAN', NULL, 6, '2023-06-25', '2023-06-30', 40.0, 6.0, 15.0, 2, 1, '2023-08-28', '2023-08-28');
INSERT INTO projeto_atividade (id, id_projeto, titulo, descricao, etapa, inicio_estimado, termino_estimado, esforco_estimado, esforco_real, percentual_completo, id_status_atividade, id_responsavel, criado_em, atualizado_em) VALUES(7, 1, 'Teste DNOI', NULL, 7, '2023-06-30', '2023-07-05', 40.0, 6.0, 15.0, 2, 1, '2023-08-28', '2023-08-28');
INSERT INTO projeto_atividade (id, id_projeto, titulo, descricao, etapa, inicio_estimado, termino_estimado, esforco_estimado, esforco_real, percentual_completo, id_status_atividade, id_responsavel, criado_em, atualizado_em) VALUES(8, 1, 'Teste DNEI', NULL, 8, '2023-07-05', '2023-07-10', 40.0, 7.0, 17.5, 2, 1, '2023-08-28', '2023-08-28');
INSERT INTO projeto_atividade (id, id_projeto, titulo, descricao, etapa, inicio_estimado, termino_estimado, esforco_estimado, esforco_real, percentual_completo, id_status_atividade, id_responsavel, criado_em, atualizado_em) VALUES(1, 1, 'Desenvolvimento Plataforma WEB (Frontend + Backend)', 'Desenvolvimento Plataforma WEB (Frontend + Backend)', 1, '2023-05-10', '2023-05-30', 70.0, 18.0, 25.714285714285715, 3, 1, '2023-08-28', '2023-08-28');
INSERT INTO projeto_atividade (id, id_projeto, titulo, descricao, etapa, inicio_estimado, termino_estimado, esforco_estimado, esforco_real, percentual_completo, id_status_atividade, id_responsavel, criado_em, atualizado_em) VALUES(11, 2, 'Desenvolvimento Backend (NodeJS)', NULL, 1, '2023-01-01', '2023-12-31', 650.0, 11.0, 1.6923076923076923, 1, 1, '2023-08-28', '2023-08-28');
INSERT INTO projeto_atividade (id, id_projeto, titulo, descricao, etapa, inicio_estimado, termino_estimado, esforco_estimado, esforco_real, percentual_completo, id_status_atividade, id_responsavel, criado_em, atualizado_em) VALUES(2, 1, 'Teste FVL', NULL, 2, '2023-05-30', '2023-06-10', 40.0, 6.0, 15.0, 3, 1, '2023-08-28', '2023-08-28');
INSERT INTO projeto_atividade (id, id_projeto, titulo, descricao, etapa, inicio_estimado, termino_estimado, esforco_estimado, esforco_real, percentual_completo, id_status_atividade, id_responsavel, criado_em, atualizado_em) VALUES(15, 3, 'Novembro/2023', '', 11, '2023-11-01', '2023-11-30', 105.0, 2.5, 2.380952380952381, 1, 1, '2023-11-07', '2023-11-07');
INSERT INTO projeto_atividade_participante VALUES (1, 10, 2);
INSERT INTO projeto_financeiro_pagamentos VALUES (DEFAULT, 3, 14, 40, 46, 1840, 0,'2023-09-25 10:31:55.578');
INSERT INTO projeto_financeiro_pagamentos VALUES (DEFAULT, 3, 13, 41.049999999999997, 46, 1888.3, 0,'2023-09-25 10:43:24.817');
INSERT INTO projeto_financeiro_pagamentos VALUES (DEFAULT, 3, 12, 24.25, 46, 1115.5, 0,'2023-09-25 10:45:41.863');

INSERT INTO financas_bancos (id, nome, img, tipo, codigo_bacen) VALUES(1, 'Banco do Brasil S.A.', 'bb-2', '["CONTA CORRENTE","OUTROS","INVESTIMENTO"]'::json, '001');
INSERT INTO financas_bancos (id, nome, img, tipo, codigo_bacen) VALUES(2, 'Caixa Econômica Federal', 'caixa', '["CONTA CORRENTE","OUTROS","INVESTIMENTO"]'::json, '104');
INSERT INTO financas_bancos (id, nome, img, tipo, codigo_bacen) VALUES(3, 'Banco Inter S.A.', 'inter', '["CONTA CORRENTE","OUTROS","INVESTIMENTO"]'::json, '077');
INSERT INTO financas_bancos (id, nome, img, tipo, codigo_bacen) VALUES(6, 'Banco Cooperativo do Brasil S.A. - BANCOOB', 'sicoob', '[
            "CONTA CORRENTE",
            "OUTROS",
            "INVESTIMENTO"
        ]'::json, '756');
INSERT INTO financas_bancos (id, nome, img, tipo, codigo_bacen) VALUES(4, 'Nubank', 'nubank2', '["CARTAOCREDITO","INVESTIMENTOS"]'::json, '260');
INSERT INTO financas_bancos (id, nome, img, tipo, codigo_bacen) VALUES(5, 'C6 Bank', 'c6-2', '["OUTROS"]'::json, '336');
INSERT INTO financas_bancos (id, nome, img, tipo, codigo_bacen) VALUES(7, 'Banco ItauBank S.A.', 'itau', '["CONTA CORRENTE","OUTROS","INVESTIMENTO"]'::json, '479');
INSERT INTO financas_categoria (id, nome, id_pai, id_empresa, tipo, ativo) VALUES(26, 'Saúde', NULL, 1, 'D', 1);
INSERT INTO financas_categoria (id, nome, id_pai, id_empresa, tipo, ativo) VALUES(6, 'Saúde / Dentista', 26, 1, 'D', 1);
INSERT INTO financas_categoria (id, nome, id_pai, id_empresa, tipo, ativo) VALUES(25, 'Saúde / Farmácia', 26, 1, 'D', 1);
INSERT INTO financas_categoria (id, nome, id_pai, id_empresa, tipo, ativo) VALUES(10, 'Compras / Parcelamento Cartão', 5, 1, 'D', 1);
INSERT INTO financas_categoria (id, nome, id_pai, id_empresa, tipo, ativo) VALUES(15, 'Compras / Streaming', 5, 1, 'D', 1);
INSERT INTO financas_categoria (id, nome, id_pai, id_empresa, tipo, ativo) VALUES(20, 'Compras / Uber', 5, 1, 'D', 1);
INSERT INTO financas_categoria (id, nome, id_pai, id_empresa, tipo, ativo) VALUES(21, 'Compras / Viagem', 5, 1, 'D', 1);
INSERT INTO financas_categoria (id, nome, id_pai, id_empresa, tipo, ativo) VALUES(27, 'Outras Despesas', NULL, 1, 'D', 1);
INSERT INTO financas_categoria (id, nome, id_pai, id_empresa, tipo, ativo) VALUES(13, 'Outras Despesas / Saques', 27, 1, 'D', 1);
INSERT INTO financas_categoria (id, nome, id_pai, id_empresa, tipo, ativo) VALUES(17, 'Outras Despesas / Taxas e Tarifas', 27, 1, 'D', 1);
INSERT INTO financas_categoria (id, nome, id_pai, id_empresa, tipo, ativo) VALUES(19, 'Outras Despesas / Transferências', 27, 1, 'D', 1);
INSERT INTO financas_categoria (id, nome, id_pai, id_empresa, tipo, ativo) VALUES(1, 'Alimentação', NULL, 1, 'D', 1);
INSERT INTO financas_categoria (id, nome, id_pai, id_empresa, tipo, ativo) VALUES(24, 'Receitas', NULL, 1, 'C', 1);
INSERT INTO financas_categoria (id, nome, id_pai, id_empresa, tipo, ativo) VALUES(16, 'Alimentação / Supermercado', 1, 1, 'D', 1);
INSERT INTO financas_categoria (id, nome, id_pai, id_empresa, tipo, ativo) VALUES(22, 'Alimentação / Padaria', 1, 1, 'D', 1);
INSERT INTO financas_categoria (id, nome, id_pai, id_empresa, tipo, ativo) VALUES(2, 'Moradia / Condominio', 3, 1, 'D', 1);
INSERT INTO financas_categoria (id, nome, id_pai, id_empresa, tipo, ativo) VALUES(3, 'Moradia', NULL, 1, 'D', 1);
INSERT INTO financas_categoria (id, nome, id_pai, id_empresa, tipo, ativo) VALUES(8, 'Moradia / Internet', 3, 1, 'D', 1);
INSERT INTO financas_categoria (id, nome, id_pai, id_empresa, tipo, ativo) VALUES(9, 'Moradia / Luz', 3, 1, 'D', 1);
INSERT INTO financas_categoria (id, nome, id_pai, id_empresa, tipo, ativo) VALUES(4, 'Automovel', NULL, 1, 'D', 1);
INSERT INTO financas_categoria (id, nome, id_pai, id_empresa, tipo, ativo) VALUES(11, 'Automovel / Revisão Carro', 4, 1, 'D', 1);
INSERT INTO financas_categoria (id, nome, id_pai, id_empresa, tipo, ativo) VALUES(14, 'Automovel / Seguro', 4, 1, 'D', 1);
INSERT INTO financas_categoria (id, nome, id_pai, id_empresa, tipo, ativo) VALUES(5, 'Compras', NULL, 1, 'D', 1);
INSERT INTO financas_categoria (id, nome, id_pai, id_empresa, tipo, ativo) VALUES(7, 'Compras / EC2 Amazon', 5, 1, 'D', 1);
INSERT INTO financas_categoria (id, nome, id_pai, id_empresa, tipo, ativo) VALUES(28, 'Automovel / Combustivel', 4, 1, 'D', 1);
INSERT INTO financas_categoria (id, nome, id_pai, id_empresa, tipo, ativo) VALUES(29, 'Alimentação / Almoço', 1, 1, 'D', 1);
INSERT INTO financas_categoria (id, nome, id_pai, id_empresa, tipo, ativo) VALUES(30, 'Alimentação / Restaurante', 1, 1, 'D', NULL);
INSERT INTO financas_categoria (id, nome, id_pai, id_empresa, tipo, ativo) VALUES(18, 'Receitas / Transferências', 24, 1, 'C', 1);
INSERT INTO financas_categoria (id, nome, id_pai, id_empresa, tipo, ativo) VALUES(12, 'Receitas / Salario', 24, 1, 'C', 1);
INSERT INTO financas_categoria (id, nome, id_pai, id_empresa, tipo, ativo) VALUES(23, 'Receitas / Outras Receitas', 24, 1, 'C', 1);
INSERT INTO financas_categoria (id, nome, id_pai, id_empresa, tipo, ativo) VALUES(31, 'Receitas / Coop Soma', 24, 1, 'C', 1);
INSERT INTO financas_conta_bancaria (id, nome, banco, agencia, conta, id_tipo_conta, limite, saldo_inicial, saldo_atual, id_empresa, ativo) VALUES(2, 'Cartão BB Visa', '1', NULL, NULL, 4, 14000.0, 0.0, 0.0, 1, 1);
INSERT INTO financas_conta_bancaria (id, nome, banco, agencia, conta, id_tipo_conta, limite, saldo_inicial, saldo_atual, id_empresa, ativo) VALUES(3, 'Cartão NuBank Mastercard', '4', NULL, NULL, 4, 8900.0, 0.0, 0.0, 1, 1);
INSERT INTO financas_conta_bancaria (id, nome, banco, agencia, conta, id_tipo_conta, limite, saldo_inicial, saldo_atual, id_empresa, ativo) VALUES(4, 'Cartão C6', '5', NULL, NULL, 4, 4500.0, 0.0, 0.0, 1, 1);
INSERT INTO financas_conta_bancaria (id, nome, banco, agencia, conta, id_tipo_conta, limite, saldo_inicial, saldo_atual, id_empresa, ativo) VALUES(9, 'Conta G4F Itau', '7', '0', '0', 1, 0.0, 0.0, 0.0, 1, 1);
INSERT INTO financas_conta_bancaria (id, nome, banco, agencia, conta, id_tipo_conta, limite, saldo_inicial, saldo_atual, id_empresa, ativo) VALUES(10, 'Cartão Itau', '7', NULL, NULL, 4, 12000.0, 0.0, 0.0, 1, 1);
INSERT INTO financas_conta_bancaria (id, nome, banco, agencia, conta, id_tipo_conta, limite, saldo_inicial, saldo_atual, id_empresa, ativo) VALUES(1, 'Conta Corrente', '1', '3616-1', '15647-7', 1, 0.0, 0.0, 0.0, 1, 1);
INSERT INTO financas_conta_bancaria_saldo VALUES (1, 9, '2023-11-01 00:00:00', 0, '2023-11-03 11:25:00.818');
