[
    {
        "nome": "Banco BBM S.A.",
        "img": "bbm",
        "tipo": [
            "CONTA CORRENTE",
            "OUTROS",
            "INVESTIMENTO"
        ],
        "id": 107
    },
    {
        "nome": "Banco BMG S.A.",
        "img": "bmg",
        "tipo": [
            "CONTA CORRENTE",
            "OUTROS",
            "INVESTIMENTO"
        ],
        "id": 318
    },
    {
        "nome": "Banco Bradesco S.A.",
        "img": "bradesco-2",
        "tipo": [
            "CONTA CORRENTE",
            "OUTROS",
            "INVESTIMENTO"
        ],
        "id": 237
    },
    {
        "nome": "Banco BTG Pactual S.A.",
        "img": "btg",
        "tipo": [
            "CONTA CORRENTE",
            "OUTROS",
            "INVESTIMENTO"
        ],
        "id": 208
    },
    {
        "nome": "Banco Cacique S.A.",
        "img": "cacique",
        "tipo": [
            "CONTA CORRENTE",
            "OUTROS",
            "INVESTIMENTO"
        ],
        "id": 263
    },
    {
        "nome": "Banco Cooperativo do Brasil S.A. - BANCOOB",
        "img": "sicoob",
        "tipo": [
            "CONTA CORRENTE",
            "OUTROS",
            "INVESTIMENTO"
        ],
        "id": 756
    },
    {
        "nome": "Banco Cooperativo Sicredi S.A.",
        "img": "sicredi",
        "tipo": [
            "CONTA CORRENTE",
            "OUTROS",
            "INVESTIMENTO"
        ],
        "id": 748
    },
    {
        "nome": "Banco Cruzeiro do Sul S.A.",
        "img": "cruzeirodosul",
        "tipo": [
            "CONTA CORRENTE",
            "OUTROS",
            "INVESTIMENTO"
        ],
        "id": 229
    },
    {
        "nome": "Banco da Amazônia S.A.",
        "img": "amazonia",
        "tipo": [
            "CONTA CORRENTE",
            "OUTROS",
            "INVESTIMENTO"
        ],
        "id": 3
    },
    {
        "nome": "Banco Daycoval S.A.",
        "img": "daycoval",
        "tipo": [
            "CONTA CORRENTE",
            "OUTROS",
            "INVESTIMENTO"
        ],
        "id": 707
    },
    {
        "nome": "Banco do Brasil S.A.",
        "img": "bb-2",
        "tipo": [
            "CONTA CORRENTE",
            "OUTROS",
            "INVESTIMENTO"
        ],
        "id": 1
    },
    {
        "nome": "Banco do Estado do Pará S.A.",
        "img": "banpara",
        "tipo": [
            "CONTA CORRENTE",
            "OUTROS",
            "INVESTIMENTO"
        ],
        "id": 37
    },
    {
        "nome": "Banco do Estado do Rio Grande do Sul S.A.",
        "img": "banrisul",
        "tipo": [
            "CONTA CORRENTE",
            "OUTROS",
            "INVESTIMENTO"
        ],
        "id": 41
    },
    {
        "nome": "Banco do Nordeste do Brasil S.A.",
        "img": "nordeste",
        "tipo": [
            "CONTA CORRENTE",
            "OUTROS",
            "INVESTIMENTO"
        ],
        "id": 4
    },
    {
        "nome": "Banco ItaúBank S.A",
        "img": "itau",
        "tipo": [
            "CONTA CORRENTE",
            "OUTROS",
            "INVESTIMENTO"
        ],
        "id": 479
    },
    {
        "nome": "Banco Mercantil do Brasil S.A.",
        "img": "mercantildobrasil",
        "tipo": [
            "CONTA CORRENTE",
            "OUTROS",
            "INVESTIMENTO"
        ],
        "id": 389
    },
    {
        "nome": "Banco Panamericano S.A.",
        "img": "panamericano",
        "tipo": [
            "CONTA CORRENTE",
            "OUTROS",
            "INVESTIMENTO"
        ],
        "id": 623
    },
    {
        "nome": "Banco Safra S.A.",
        "img": "safra",
        "tipo": [
            "CONTA CORRENTE",
            "OUTROS",
            "INVESTIMENTO"
        ],
        "id": 422
    },
    {
        "nome": "Banco Santander (Brasil) S.A.",
        "img": "santander-2",
        "tipo": [
            "CONTA CORRENTE",
            "OUTROS",
            "INVESTIMENTO"
        ],
        "id": 33
    },
    {
        "nome": "Banco Votorantim S.A.",
        "img": "votorantim",
        "tipo": [
            "CONTA CORRENTE",
            "OUTROS",
            "INVESTIMENTO"
        ],
        "id": 655
    },
    {
        "nome": "Banestes S.A. Banco do Estado do Espírito Santo",
        "img": "banestes",
        "tipo": [
            "CONTA CORRENTE",
            "OUTROS",
            "INVESTIMENTO"
        ],
        "id": 21
    },
    {
        "nome": "Banif",
        "img": "banif",
        "tipo": [
            "CONTA CORRENTE",
            "OUTROS",
            "INVESTIMENTO"
        ],
        "id": 719
    },
    {
        "nome": "BRB - Banco de Brasília S.A.",
        "img": "brb",
        "tipo": [
            "CONTA CORRENTE",
            "OUTROS",
            "INVESTIMENTO"
        ],
        "id": 70
    },
    {
        "nome": "Caixa Econômica Federal",
        "img": "caixa",
        "tipo": [
            "CONTA CORRENTE",
            "OUTROS",
            "INVESTIMENTO"
        ],
        "id": 104
    },
    {
        "nome": "Citibank S.A.",
        "img": "citibank",
        "tipo": [
            "CONTA CORRENTE",
            "OUTROS",
            "INVESTIMENTO"
        ],
        "id": 477
    },
    {
        "nome": "HSBC Bank Brasil S.A. - Banco Múltiplo",
        "img": "hsbc",
        "tipo": [
            "CONTA CORRENTE",
            "OUTROS",
            "INVESTIMENTO"
        ],
        "id": 399
    },
    {
        "nome": "Banco Original S.A.",
        "img": "original",
        "tipo": [
            "CONTA CORRENTE",
            "OUTROS",
            "INVESTIMENTO"
        ],
        "id": 212
    },
    {
        "nome": "Banco Inter S.A.",
        "img": "inter",
        "tipo": [
            "CONTA CORRENTE",
            "OUTROS",
            "INVESTIMENTO"
        ],
        "id": "077"
    },
    {
        "nome": "Bancon Neon S.A.",
        "img": "neon",
        "tipo": [
            "CONTA CORRENTE",
            "OUTROS",
            "INVESTIMENTO"
        ],
        "id": "neon"
    },
    {
        "nome": "Brasil Plural",
        "img": "brasilplural",
        "tipo": [
            "CONTA CORRENTE",
            "OUTROS",
            "INVESTIMENTO"
        ],
        "id": "brasilplural"
    },
    {
        "nome": "Neteller",
        "img": "neteller",
        "tipo": [
            "CONTA CORRENTE",
            "OUTROS",
            "INVESTIMENTO"
        ],
        "id": "neteller"
    },
    {
        "nome": "Social Bank",
        "img": "socialbank",
        "tipo": [
            "CONTA CORRENTE",
            "OUTROS",
            "INVESTIMENTO"
        ],
        "id": "socialbank"
    },
    {
        "nome": "Ticket",
        "img": "ticket",
        "tipo": [
            "OUTROS"
        ],
        "id": "ticket"
    },
    {
        "nome": "Alelo",
        "img": "alelo",
        "tipo": [
            "OUTROS"
        ],
        "id": "alelo"
    },
    {
        "nome": "Sodexo",
        "img": "sodexo",
        "tipo": [
            "OUTROS"
        ],
        "id": "sodexo"
    },
    {
        "nome": "Vale Refeição",
        "img": "vr",
        "tipo": [
            "OUTROS"
        ],
        "id": "vr"
    },
    {
        "nome": "BCash",
        "img": "bcash",
        "tipo": [
            "CONTA CORRENTE",
            "OUTROS"
        ],
        "id": "bcash"
    },
    {
        "nome": "Cielo",
        "img": "cielo",
        "tipo": [
            "CONTA CORRENTE",
            "OUTROS"
        ],
        "id": "cielo"
    },
    {
        "nome": "Conta Super",
        "img": "contasuper",
        "tipo": [
            "CONTA CORRENTE",
            "OUTROS"
        ],
        "id": "contasuper"
    },
    {
        "nome": "Mercado Pago",
        "img": "mercadopago",
        "tipo": [
            "CONTA CORRENTE",
            "OUTROS"
        ],
        "id": "mercadopago"
    },
    {
        "nome": "PagSeguro",
        "img": "pagseguro",
        "tipo": [
            "CONTA CORRENTE",
            "OUTROS"
        ],
        "id": "pagseguro"
    },
    {
        "nome": "Paypal",
        "img": "paypal",
        "tipo": [
            "CONTA CORRENTE",
            "OUTROS"
        ],
        "id": "paypal"
    },
    {
        "nome": "Rede",
        "img": "rede",
        "tipo": [
            "CONTA CORRENTE",
            "OUTROS"
        ],
        "id": "rede"
    },
    {
        "nome": "Sofisa",
        "img": "sofisa",
        "tipo": [
            "CONTA CORRENTE",
            "OUTROS",
            "INVESTIMENTO"
        ],
        "id": "sofisa"
    },
    {
        "nome": "Unobank",
        "img": "unobank",
        "tipo": [
            "CONTA CORRENTE",
            "OUTROS"
        ],
        "id": "unobank"
    },
    {
        "nome": "Beblue",
        "img": "beblue",
        "tipo": [
            "CONTA CORRENTE",
            "OUTROS"
        ],
        "id": "beblue"
    },
    {
        "nome": "Icatu",
        "img": "icatu",
        "tipo": [
            "CONTA CORRENTE",
            "OUTROS"
        ],
        "id": "icatu"
    },
    {
        "nome": "Next",
        "img": "next",
        "tipo": [
            "CONTA CORRENTE",
            "OUTROS"
        ],
        "id": "next"
    },
    {
        "nome": "Picpay",
        "img": "picpay",
        "tipo": [
            "CONTA CORRENTE",
            "OUTROS"
        ],
        "id": "picpay"
    },
    {
        "nome": "Unicred",
        "img": "unicred",
        "tipo": [
            "CONTA CORRENTE",
            "OUTROS"
        ],
        "id": "unicred"
    },
    {
        "nome": "Mirae Asset",
        "img": "mirae_asset",
        "tipo": [
            "CONTA CORRENTE",
            "OUTROS"
        ],
        "id": "mirae_asset"
    },
    {
        "nome": "American Express",
        "img": "amex",
        "tipo": [
            "CARTAOCREDITO"
        ],
        "id": "amex"
    },
    {
        "nome": "aura",
        "img": "aura",
        "tipo": [
            "CARTAOCREDITO"
        ],
        "id": "aura"
    },
    {
        "nome": "Diners",
        "img": "diners",
        "tipo": [
            "CARTAOCREDITO"
        ],
        "id": "diners"
    },
    {
        "nome": "Elo",
        "img": "elo2",
        "tipo": [
            "CARTAOCREDITO"
        ],
        "id": "elo"
    },
    {
        "nome": "Mastercard",
        "img": "master",
        "tipo": [
            "CARTAOCREDITO"
        ],
        "id": "master"
    },
    {
        "nome": "Visa",
        "img": "visa",
        "tipo": [
            "CARTAOCREDITO"
        ],
        "id": "visa"
    },
    {
        "nome": "Nubank",
        "img": "nubank2",
        "tipo": [
            "CARTAOCREDITO"
        ],
        "id": "nubank"
    },
    {
        "nome": "Digio",
        "img": "digio",
        "tipo": [
            "CARTAOCREDITO"
        ],
        "id": "digio"
    },
    {
        "nome": "Banescard",
        "img": "banescard",
        "tipo": [
            "CARTAOCREDITO"
        ],
        "id": "banescard"
    },
    {
        "nome": "Dacasa",
        "img": "dacasa",
        "tipo": [
            "CARTAOCREDITO"
        ],
        "id": "dacasa"
    },
    {
        "nome": "Hipercard",
        "img": "hipercard",
        "tipo": [
            "CARTAOCREDITO"
        ],
        "id": "hipercard"
    },
    {
        "nome": "Good Card",
        "img": "goodcard",
        "tipo": [
            "CARTAOCREDITO",
            "OUTROS"
        ],
        "id": "goodcard"
    },
    {
        "nome": "Itaú Personnalité",
        "img": "itau-personnalite2",
        "tipo": [
            "CARTAOCREDITO",
            "CONTA CORRENTE"
        ],
        "id": "itaupersonnalite"
    },
    {
        "nome": "Ativa Investimentos",
        "img": "ativa-investimentos",
        "tipo": [
            "INVESTIMENTO"
        ],
        "id": "ativa-investimentos"
    },
    {
        "nome": "Clear investimentos",
        "img": "clear2",
        "tipo": [
            "INVESTIMENTO"
        ],
        "id": "clear"
    },
    {
        "nome": "Coinvalores",
        "img": "coinvalores",
        "tipo": [
            "INVESTIMENTO"
        ],
        "id": "coinvalores"
    },
    {
        "nome": "Rico",
        "img": "rico",
        "tipo": [
            "INVESTIMENTO"
        ],
        "id": "rico"
    },
    {
        "nome": "Socopa",
        "img": "socopa",
        "tipo": [
            "INVESTIMENTO"
        ],
        "id": "socopa"
    },
    {
        "nome": "Singulare",
        "img": "singulare",
        "tipo": [
            "INVESTIMENTO"
        ],
        "id": "singulare"
    },
    {
        "nome": "XP Investimentos",
        "img": "xp",
        "tipo": [
            "INVESTIMENTO"
        ],
        "id": "xp"
    },
    {
        "nome": "Easyinvest",
        "img": "easyinvest",
        "tipo": [
            "INVESTIMENTO"
        ],
        "id": "easyinvest"
    },
    {
        "nome": "Modal",
        "img": "modal2",
        "tipo": [
            "INVESTIMENTO"
        ],
        "id": "modal"
    },
    {
        "nome": "Genial Investimentos",
        "img": "genial2",
        "tipo": [
            "INVESTIMENTO"
        ],
        "id": "genial"
    },
    {
        "nome": "Necton",
        "img": "necton",
        "tipo": [
            "INVESTIMENTO"
        ],
        "id": "necton"
    },
    {
        "nome": "MyCAP",
        "img": "mycap",
        "tipo": [
            "INVESTIMENTO"
        ],
        "id": "mycap"
    },
    {
        "nome": "Nexoos",
        "img": "nexoos",
        "tipo": [
            "INVESTIMENTO"
        ],
        "id": "nexoos"
    },
    {
        "nome": "Atlas Quantum",
        "img": "atlas_quantum",
        "tipo": [
            "INVESTIMENTO"
        ],
        "id": "atlasquantum"
    },
    {
        "nome": "Binance",
        "img": "binance",
        "tipo": [
            "INVESTIMENTO"
        ],
        "id": "binance"
    },
    {
        "nome": "Braziliex",
        "img": "braziliex",
        "tipo": [
            "INVESTIMENTO"
        ],
        "id": "braziliex"
    },
    {
        "nome": "Hashflare",
        "img": "hashflare",
        "tipo": [
            "INVESTIMENTO"
        ],
        "id": "hashflare"
    },
    {
        "nome": "Mercado Bitcoin",
        "img": "mercado_bitcoin",
        "tipo": [
            "INVESTIMENTO"
        ],
        "id": "mercadobitcoin"
    },
    {
        "nome": "Órama",
        "img": "orama",
        "tipo": [
            "INVESTIMENTO"
        ],
        "id": "orama"
    },
    {
        "nome": "Ouroinvest",
        "img": "ouroinvest",
        "tipo": [
            "INVESTIMENTO"
        ],
        "id": "ouroinvest"
    },
    {
        "nome": "Bittrex",
        "img": "bittrex",
        "tipo": [
            "INVESTIMENTO"
        ],
        "id": "bittrex"
    },
    {
        "nome": "Fxcbit",
        "img": "fxcbit",
        "tipo": [
            "INVESTIMENTO"
        ],
        "id": "fxcbit"
    },
    {
        "nome": "Exodus",
        "img": "exodus",
        "tipo": [
            "INVESTIMENTO"
        ],
        "id": "exodus"
    },
    {
        "nome": "Bitcointrade",
        "img": "bitcointrade",
        "tipo": [
            "INVESTIMENTO"
        ],
        "id": "bitcointrade"
    },
    {
        "nome": "Foxbit",
        "img": "foxbit-2",
        "tipo": [
            "INVESTIMENTO"
        ],
        "id": "foxbit"
    },
    {
        "nome": "Senso",
        "img": "senso",
        "tipo": [
            "INVESTIMENTO"
        ],
        "id": "senso"
    },
    {
        "nome": "Woop",
        "img": "woop",
        "tipo": [
            "INVESTIMENTO"
        ],
        "id": "woop"
    },
    {
        "nome": "Spinelli",
        "img": "spinelli",
        "tipo": [
            "INVESTIMENTO"
        ],
        "id": "spinelli"
    },
    {
        "nome": "Pine",
        "img": "pine",
        "tipo": [
            "INVESTIMENTO"
        ],
        "id": "pine"
    },
    {
        "nome": "Liqi",
        "img": "liqi",
        "tipo": [
            "INVESTIMENTO"
        ],
        "id": "liqi"
    },
    {
        "nome": "Palmeiras Pay",
        "img": "palmeiras-pay",
        "tipo": [
            "INVESTIMENTO"
        ],
        "id": "palmeiras-pay"
    },
    {
        "nome": "Agibank",
        "img": "agibank",
        "tipo": [
            "INVESTIMENTO"
        ],
        "id": "agibank"
    },
    {
        "nome": "Ailos",
        "img": "ailos",
        "tipo": [
            "OUTROS"
        ],
        "id": "ailos"
    },
    {
        "nome": "Green Card",
        "img": "greencard",
        "tipo": [
            "OUTROS"
        ],
        "id": "greencard"
    },
    {
        "nome": "Submarino",
        "img": "submarino",
        "tipo": [
            "OUTROS"
        ],
        "id": "submarino"
    },
    {
        "nome": "Credicard",
        "img": "credicard",
        "tipo": [
            "OUTROS"
        ],
        "id": "credicard"
    },
    {
        "nome": "Lojas Americanas",
        "img": "lojas_americanas",
        "tipo": [
            "OUTROS"
        ],
        "id": "lojas_americanas"
    },
    {
        "nome": "Porto Seguro",
        "img": "porto_seguro",
        "tipo": [
            "OUTROS"
        ],
        "id": "porto_seguro"
    },
    {
        "nome": "Banese",
        "img": "banese",
        "tipo": [
            "OUTROS"
        ],
        "id": "banese"
    },
    {
        "nome": "BaneseCard",
        "img": "banese-card",
        "tipo": [
            "OUTROS"
        ],
        "id": "banese-card"
    },
    {
        "nome": "coinex",
        "img": "coinex",
        "tipo": [
            "OUTROS"
        ],
        "id": "coinEx"
    },
    {
        "nome": "Brasilprev",
        "img": "brasilprev",
        "tipo": [
            "OUTROS"
        ],
        "id": "brasilprev"
    },
    {
        "nome": "Cooperforte",
        "img": "cooperforte",
        "tipo": [
            "OUTROS"
        ],
        "id": "cooperforte"
    },
    {
        "nome": "Negocie Coins",
        "img": "negocie_coins",
        "tipo": [
            "OUTROS"
        ],
        "id": "negocie_coins"
    },
    {
        "nome": "HitBTC",
        "img": "hitbtc",
        "tipo": [
            "OUTROS"
        ],
        "id": "hitbtc"
    },
    {
        "nome": "Metlife",
        "img": "metlife",
        "tipo": [
            "OUTROS"
        ],
        "id": "metlife"
    },
    {
        "nome": "Libercard",
        "img": "libercard",
        "tipo": [
            "OUTROS"
        ],
        "id": "libercard"
    },
    {
        "nome": "Claro Pay",
        "img": "claro-pay",
        "tipo": [
            "OUTROS"
        ],
        "id": "claro-pay"
    },
    {
        "nome": "Havan",
        "img": "havan",
        "tipo": [
            "OUTROS"
        ],
        "id": "havan"
    },
    {
        "nome": "Shoptime",
        "img": "shoptime",
        "tipo": [
            "OUTROS"
        ],
        "id": "shoptime"
    },
    {
        "nome": "Asaas",
        "img": "asaas",
        "tipo": [
            "OUTROS"
        ],
        "id": "asaas"
    },
    {
        "nome": "Terra Investimentos",
        "img": "terra",
        "tipo": [
            "OUTROS"
        ],
        "id": "terra"
    },
    {
        "nome": "Capital Markets",
        "img": "capital_markets",
        "tipo": [
            "OUTROS"
        ],
        "id": "capital_markets"
    },
    {
        "nome": "Toro Investimentos",
        "img": "toro",
        "tipo": [
            "OUTROS"
        ],
        "id": "toro"
    },
    {
        "nome": "Xdex",
        "img": "xdex",
        "tipo": [
            "OUTROS"
        ],
        "id": "xdex"
    },
    {
        "nome": "Nova Futura",
        "img": "nova_futura",
        "tipo": [
            "OUTROS"
        ],
        "id": "nova_futura"
    },
    {
        "nome": "BV Financeira",
        "img": "bv",
        "tipo": [
            "OUTROS"
        ],
        "id": "bv"
    },
    {
        "nome": "BS2",
        "img": "bs2",
        "tipo": [
            "OUTROS"
        ],
        "id": "bs2"
    },
    {
        "nome": "Méliuz",
        "img": "meliuz",
        "tipo": [
            "OUTROS"
        ],
        "id": "meliuz"
    },
    {
        "nome": "C6 Bank",
        "img": "c6-2",
        "tipo": [
            "OUTROS"
        ],
        "id": "c6bank"
    },
    {
        "nome": "Drivewealth",
        "img": "drivewealth",
        "tipo": [
            "OUTROS"
        ],
        "id": "drivewealth"
    },
    {
        "nome": "Wirecard",
        "img": "wirecard",
        "tipo": [
            "OUTROS"
        ],
        "id": "wirecard"
    },
    {
        "nome": "Vitreo",
        "img": "vitreo",
        "tipo": [
            "OUTROS"
        ],
        "id": "vitreo"
    },
    {
        "nome": "Remessa Online",
        "img": "remessa_online",
        "tipo": [
            "OUTROS"
        ],
        "id": "remessa_online"
    },
    {
        "nome": "Wells Fargo",
        "img": "wells_fargo",
        "tipo": [
            "OUTROS"
        ],
        "id": "wells_fargo"
    },
    {
        "nome": "Inter Empresas",
        "img": "inter_empresas",
        "tipo": [
            "OUTROS"
        ],
        "id": "inter_empresas"
    },
    {
        "nome": "SulAmérica",
        "img": "sulamerica",
        "tipo": [
            "OUTROS"
        ],
        "id": "sulamerica"
    },
    {
        "nome": "Uzzo",
        "img": "uzzo",
        "tipo": [
            "OUTROS"
        ],
        "id": "uzzo"
    },
    {
        "nome": "Guide Investimentos",
        "img": "guide",
        "tipo": [
            "OUTROS"
        ],
        "id": "guide"
    },
    {
        "nome": "Avenue Securities",
        "img": "avenue",
        "tipo": [
            "OUTROS"
        ],
        "id": "avenue"
    },
    {
        "nome": "AmeDigital",
        "img": "amedigital",
        "tipo": [
            "OUTROS"
        ],
        "id": "amedigital"
    },
    {
        "nome": "Abrapetite",
        "img": "abrapetite",
        "tipo": [
            "OUTROS"
        ],
        "id": "abrapetite"
    },
    {
        "nome": "Iti Itaú",
        "img": "iti",
        "tipo": [
            "OUTROS"
        ],
        "id": "iti"
    },
    {
        "nome": "Warren",
        "img": "warren",
        "tipo": [
            "OUTROS"
        ],
        "id": "warren"
    },
    {
        "nome": "Coinext",
        "img": "coinext",
        "tipo": [
            "OUTROS"
        ],
        "id": "coinext"
    },
    {
        "nome": "NovaDAX",
        "img": "novadax",
        "tipo": [
            "OUTROS"
        ],
        "id": "novadax"
    },
    {
        "nome": "Sumup",
        "img": "sumup",
        "tipo": [
            "OUTROS"
        ],
        "id": "sumup"
    },
    {
        "nome": "Mercado Livre",
        "img": "mercadolivre",
        "tipo": [
            "OUTROS"
        ],
        "id": "mercadolivre"
    },
    {
        "nome": "Pagbank",
        "img": "pagbank",
        "tipo": [
            "OUTROS"
        ],
        "id": "pagbank"
    },
    {
        "nome": "Binary",
        "img": "binary",
        "tipo": [
            "OUTROS"
        ],
        "id": "binary"
    },
    {
        "nome": "Google Opnion Rewards",
        "img": "google-opnion",
        "tipo": [
            "OUTROS"
        ],
        "id": "googleopnion"
    },
    {
        "nome": "PiniOn",
        "img": "pinion",
        "tipo": [
            "OUTROS"
        ],
        "id": "pinion"
    },
    {
        "nome": "FBS Forex",
        "img": "fbs",
        "tipo": [
            "OUTROS"
        ],
        "id": "fbs"
    },
    {
        "nome": "IQ Option",
        "img": "iqoption",
        "tipo": [
            "OUTROS"
        ],
        "id": "iqoption"
    },
    {
        "nome": "Olymp Trade",
        "img": "olymptrade",
        "tipo": [
            "OUTROS"
        ],
        "id": "olymptrade"
    },
    {
        "nome": "Recarga Pay",
        "img": "recargapay",
        "tipo": [
            "OUTROS"
        ],
        "id": "recargapay"
    },
    {
        "nome": "Ontop",
        "img": "ontop",
        "tipo": [
            "OUTROS"
        ],
        "id": "ontop"
    },
    {
        "nome": "Banco Pan",
        "img": "pan",
        "tipo": [
            "OUTROS"
        ],
        "id": "pan"
    },
    {
        "nome": "Skrill",
        "img": "skrill",
        "tipo": [
            "OUTROS"
        ],
        "id": "skrill"
    },
    {
        "nome": "Trigg",
        "img": "trigg",
        "tipo": [
            "OUTROS"
        ],
        "id": "trigg"
    },
    {
        "nome": "Bet 365",
        "img": "bet365",
        "tipo": [
            "OUTROS"
        ],
        "id": "bet365"
    },
    {
        "nome": "Interactive Brokers",
        "img": "interactivebrokers",
        "tipo": [
            "OUTROS"
        ],
        "id": "interactivebrokers"
    },
    {
        "nome": "Celcoin",
        "img": "celcoin",
        "tipo": [
            "OUTROS"
        ],
        "id": "celcoin"
    },
    {
        "nome": "Previ",
        "img": "previ",
        "tipo": [
            "OUTROS"
        ],
        "id": "previ"
    },
    {
        "nome": "Passfolio",
        "img": "passfolio2",
        "tipo": [
            "OUTROS"
        ],
        "id": "passfolio"
    },
    {
        "nome": "Xapo",
        "img": "xapo",
        "tipo": [
            "OUTROS"
        ],
        "id": "xapo"
    },
    {
        "nome": "Amaril Franklin",
        "img": "amaril-franklin",
        "tipo": [
            "OUTROS"
        ],
        "id": "amaril-franklin"
    },
    {
        "nome": "Pão de Açúcar",
        "img": "paodeacucar",
        "tipo": [
            "OUTROS"
        ],
        "id": "paodeacucar"
    },
    {
        "nome": "Caju Benefícios",
        "img": "caju",
        "tipo": [
            "OUTROS"
        ],
        "id": "caju-beneficios"
    },
    {
        "nome": "Smiles",
        "img": "smiles",
        "tipo": [
            "OUTROS"
        ],
        "id": "smiles"
    },
    {
        "nome": "Mutual",
        "img": "mutual",
        "tipo": [
            "OUTROS"
        ],
        "id": "mutual"
    },
    {
        "nome": "Carrefour",
        "img": "carrefour",
        "tipo": [
            "OUTROS"
        ],
        "id": "carrefour"
    },
    {
        "nome": "Petrobras",
        "img": "petrobras",
        "tipo": [
            "OUTROS"
        ],
        "id": "petrobras"
    },
    {
        "nome": "Credisis",
        "img": "credisis",
        "tipo": [
            "OUTROS"
        ],
        "id": "credisis"
    },
    {
        "nome": "Funpresp",
        "img": "funpresp",
        "tipo": [
            "OUTROS"
        ],
        "id": "funpresp"
    },
    {
        "nome": "Ágora Investimentos",
        "img": "agorainvestimentos",
        "tipo": [
            "OUTROS"
        ],
        "id": "agorainvestimentos"
    },
    {
        "nome": "Receba e Pague",
        "img": "recebaepague",
        "tipo": [
            "OUTROS"
        ],
        "id": "recebaepague"
    },
    {
        "nome": "RCI Bank",
        "img": "rci-bank",
        "tipo": [
            "OUTROS"
        ],
        "id": "rci-bank"
    },
    {
        "nome": "ABC Brasil",
        "img": "abc-personal",
        "tipo": [
            "OUTROS"
        ],
        "id": "abc-personal"
    },
    {
        "nome": "Acesso Bank",
        "img": "acesso-bank",
        "tipo": [
            "OUTROS"
        ],
        "id": "acesso-bank"
    },
    {
        "nome": "Trezor",
        "img": "trezor",
        "tipo": [
            "OUTROS"
        ],
        "id": "trezor"
    },
    {
        "nome": "Gerencianet",
        "img": "gerencianet",
        "tipo": [
            "OUTROS"
        ],
        "id": "gerencianet"
    },
    {
        "nome": "Banco Máxima",
        "img": "maxima",
        "tipo": [
            "OUTROS"
        ],
        "id": "maxima"
    },
    {
        "nome": "Cresol",
        "img": "cresol",
        "tipo": [
            "OUTROS"
        ],
        "id": "cresol"
    },
    {
        "nome": "Makro",
        "img": "makro",
        "tipo": [
            "OUTROS"
        ],
        "id": "makro"
    },
    {
        "nome": "BTG+",
        "img": "btg-mais",
        "tipo": [
            "OUTROS"
        ],
        "id": "btg-mais"
    },
    {
        "nome": "Stone Pagamentos",
        "img": "stone-pagamentos",
        "tipo": [
            "OUTROS"
        ],
        "id": "stone-pagamentos"
    },
    {
        "nome": "Bexs",
        "img": "bexs",
        "tipo": [
            "OUTROS"
        ],
        "id": "bexs"
    },
    {
        "nome": "ConectCar",
        "img": "conectcar",
        "tipo": [
            "OUTROS"
        ],
        "id": "conectcar"
    },
    {
        "nome": "Betfair",
        "img": "betfair",
        "tipo": [
            "OUTROS"
        ],
        "id": "betfair"
    },
    {
        "nome": "Tastyworks",
        "img": "tastyworks",
        "tipo": [
            "OUTROS"
        ],
        "id": "tastyworks"
    },
    {
        "nome": "Yoroi",
        "img": "yoroi",
        "tipo": [
            "OUTROS"
        ],
        "id": "yoroi"
    },
    {
        "nome": "NiceHash",
        "img": "nicehash",
        "tipo": [
            "OUTROS"
        ],
        "id": "nicehash"
    },
    {
        "nome": "AgZero",
        "img": "agzero",
        "tipo": [
            "OUTROS"
        ],
        "id": "agzero"
    },
    {
        "nome": "Cora",
        "img": "cora",
        "tipo": [
            "OUTROS"
        ],
        "id": "cora"
    },
    {
        "nome": "Ifood",
        "img": "ifood",
        "tipo": [
            "OUTROS"
        ],
        "id": "ifood"
    },
    {
        "nome": "Yapay",
        "img": "yapay",
        "tipo": [
            "OUTROS"
        ],
        "id": "yapay"
    },
    {
        "nome": "Monetus",
        "img": "monetus",
        "tipo": [
            "OUTROS"
        ],
        "id": "monetus"
    },
    {
        "nome": "Magnetis",
        "img": "magnetis",
        "tipo": [
            "OUTROS"
        ],
        "id": "magnetis"
    },
    {
        "nome": "99",
        "img": "99",
        "tipo": [
            "OUTROS"
        ],
        "id": 99
    },
    {
        "nome": "Alterbank",
        "img": "alterbank",
        "tipo": [
            "OUTROS"
        ],
        "id": "alterbank"
    },
    {
        "nome": "Bitpreco",
        "img": "bitpreco",
        "tipo": [
            "OUTROS"
        ],
        "id": "bitpreco"
    },
    {
        "nome": "Ripio",
        "img": "ripio",
        "tipo": [
            "OUTROS"
        ],
        "id": "ripio"
    },
    {
        "nome": "Samsung",
        "img": "samsung",
        "tipo": [
            "OUTROS"
        ],
        "id": "samsung"
    },
    {
        "nome": "TD Ameritrade",
        "img": "tdameritrade",
        "tipo": [
            "OUTROS"
        ],
        "id": "tdameritrade"
    },
    {
        "nome": "Astro Pay",
        "img": "astropay",
        "tipo": [
            "OUTROS"
        ],
        "id": "astropay"
    },
    {
        "nome": "B3",
        "img": "b3",
        "tipo": [
            "OUTROS"
        ],
        "id": "b3"
    },
    {
        "nome": "BanQI",
        "img": "banqi",
        "tipo": [
            "OUTROS"
        ],
        "id": "banqi"
    },
    {
        "nome": "Banco Bari",
        "img": "bari",
        "tipo": [
            "OUTROS"
        ],
        "id": "bari"
    },
    {
        "nome": "Bitz",
        "img": "bitz",
        "tipo": [
            "OUTROS"
        ],
        "id": "bitz"
    },
    {
        "nome": "Giro",
        "img": "giro",
        "tipo": [
            "OUTROS"
        ],
        "id": "giro"
    },
    {
        "nome": "Magalu",
        "img": "magalu",
        "tipo": [
            "OUTROS"
        ],
        "id": "magalu"
    },
    {
        "nome": "Coinbase",
        "img": "coinbase",
        "tipo": [
            "OUTROS"
        ],
        "id": "coinbase"
    },
    {
        "nome": "BlockFi",
        "img": "blockfi",
        "tipo": [
            "OUTROS"
        ],
        "id": "blockfi"
    },
    {
        "nome": "CIBC",
        "img": "cibc",
        "tipo": [
            "OUTROS"
        ],
        "id": "cibc"
    },
    {
        "nome": "Bank of Montreal",
        "img": "bmo",
        "tipo": [
            "OUTROS"
        ],
        "id": "bmo"
    },
    {
        "nome": "Tangerine",
        "img": "tangerine",
        "tipo": [
            "OUTROS"
        ],
        "id": "tangerine"
    },
    {
        "nome": "Deriv",
        "img": "deriv",
        "tipo": [
            "OUTROS"
        ],
        "id": "deriv"
    },
    {
        "nome": "Binomo",
        "img": "binomo",
        "tipo": [
            "OUTROS"
        ],
        "id": "binomo"
    },
    {
        "nome": "Midway",
        "img": "midway",
        "tipo": [
            "OUTROS"
        ],
        "id": "midway"
    },
    {
        "nome": "Extra",
        "img": "extra",
        "tipo": [
            "OUTROS"
        ],
        "id": "extra"
    },
    {
        "nome": "Flash",
        "img": "flash",
        "tipo": [
            "OUTROS"
        ],
        "id": "flash"
    },
    {
        "nome": "Vee",
        "img": "vee",
        "tipo": [
            "OUTROS"
        ],
        "id": "vee"
    },
    {
        "nome": "Veloe",
        "img": "veloe",
        "tipo": [
            "OUTROS"
        ],
        "id": "veloe"
    },
    {
        "nome": "Nomad",
        "img": "nomad",
        "tipo": [
            "OUTROS"
        ],
        "id": "nomad"
    },
    {
        "nome": "Uber",
        "img": "uber",
        "tipo": [
            "INVESTIMENTO",
            "OUTROS"
        ],
        "id": "uber"
    },
    {
        "nome": "MR7",
        "img": "mr7",
        "tipo": [
            "INVESTIMENTO",
            "OUTROS"
        ],
        "id": "mr7"
    },
    {
        "nome": "Zizuh",
        "img": "zizuh",
        "tipo": [
            "INVESTIMENTO",
            "OUTROS"
        ],
        "id": "zizuh"
    },
    {
        "nome": "Latam",
        "img": "latam",
        "tipo": [
            "INVESTIMENTO",
            "OUTROS"
        ],
        "id": "latam"
    },
    {
        "nome": "Conta Simples",
        "img": "conta-simples",
        "tipo": [
            "INVESTIMENTO",
            "OUTROS"
        ],
        "id": "conta-simples"
    },
    {
        "nome": "Phantom Wallet",
        "img": "phantom-wallet",
        "tipo": [
            "INVESTIMENTO",
            "OUTROS"
        ],
        "id": "phantom-wallet"
    },
    {
        "nome": "Poloniex",
        "img": "poloniex",
        "tipo": [
            "INVESTIMENTO",
            "OUTROS"
        ],
        "id": "poloniex"
    },
    {
        "nome": "Stake",
        "img": "stake",
        "tipo": [
            "INVESTIMENTO",
            "OUTROS"
        ],
        "id": "stake"
    },
    {
        "nome": "Swile",
        "img": "swile",
        "tipo": [
            "INVESTIMENTO",
            "OUTROS"
        ],
        "id": "swile"
    },
    {
        "nome": "GRNcred",
        "img": "grncred",
        "tipo": [
            "INVESTIMENTO",
            "OUTROS"
        ],
        "id": "grncred"
    },
    {
        "nome": "Gemini",
        "img": "gemini",
        "tipo": [
            "INVESTIMENTO",
            "OUTROS"
        ],
        "id": "gemini"
    },
    {
        "nome": "Apex Clearing",
        "img": "apexclearing",
        "tipo": [
            "INVESTIMENTO",
            "OUTROS"
        ],
        "id": "apex-fintech"
    },
    {
        "nome": "BTG Empresas",
        "img": "btg-empresas",
        "tipo": [
            "INVESTIMENTO",
            "OUTROS"
        ],
        "id": "btg-empresas"
    },
    {
        "nome": "Pc Financial",
        "img": "pc-financial",
        "tipo": [
            "INVESTIMENTO",
            "OUTROS"
        ],
        "id": "pc-financial"
    },
    {
        "nome": "Banco Ribeirão Preto",
        "img": "brp",
        "tipo": [
            "INVESTIMENTO",
            "OUTROS"
        ],
        "id": "brp"
    },
    {
        "nome": "Flexiti",
        "img": "flexiti",
        "tipo": [
            "INVESTIMENTO",
            "OUTROS"
        ],
        "id": "flexiti"
    },
    {
        "nome": "C&A Pay",
        "img": "ceapay",
        "tipo": [
            "INVESTIMENTO",
            "OUTROS"
        ],
        "id": "ceapay"
    },
    {
        "nome": "Western Union",
        "img": "westernunion",
        "tipo": [
            "INVESTIMENTO",
            "OUTROS"
        ],
        "id": "westernunion"
    },
    {
        "nome": "N26",
        "img": "n26",
        "tipo": [
            "INVESTIMENTO",
            "OUTROS"
        ],
        "id": "n26"
    },
    {
        "nome": "Bank of America",
        "img": "bank-of-america",
        "tipo": [
            "INVESTIMENTO",
            "OUTROS"
        ],
        "id": "bank-of-america"
    },
    {
        "nome": "Steam",
        "img": "steam",
        "tipo": [
            "INVESTIMENTO",
            "OUTROS"
        ],
        "id": "steam"
    },
    {
        "nome": "Will Bank",
        "img": "willbank",
        "tipo": [
            "INVESTIMENTO",
            "OUTROS"
        ],
        "id": "willbank"
    },
    {
        "nome": "Kraken",
        "img": "kraken",
        "tipo": [
            "INVESTIMENTO",
            "OUTROS"
        ],
        "id": "kraken"
    },
    {
        "nome": "Betano",
        "img": "betano",
        "tipo": [
            "INVESTIMENTO",
            "OUTROS"
        ],
        "id": "betano"
    },
    {
        "nome": "Tesouro Direto",
        "img": "tesouro-direto",
        "tipo": [
            "INVESTIMENTO",
            "OUTROS"
        ],
        "id": "tesouro-direto"
    },
    {
        "nome": "Mynt",
        "img": "mynt",
        "tipo": [
            "INVESTIMENTO",
            "OUTROS"
        ],
        "id": "mynt"
    },
    {
        "nome": "KuCoin",
        "img": "kucoin",
        "tipo": [
            "INVESTIMENTO",
            "OUTROS"
        ],
        "id": "kucoin"
    },
    {
        "nome": "Probit",
        "img": "probit",
        "tipo": [
            "INVESTIMENTO",
            "OUTROS"
        ],
        "id": "probit"
    },
    {
        "nome": "Huobi",
        "img": "houbi",
        "tipo": [
            "INVESTIMENTO",
            "OUTROS"
        ],
        "id": "huobi"
    },
    {
        "nome": "Gate.io",
        "img": "gateIo",
        "tipo": [
            "INVESTIMENTO",
            "OUTROS"
        ],
        "id": "gateio"
    },
    {
        "nome": "MetaMask",
        "img": "metamask",
        "tipo": [
            "INVESTIMENTO",
            "OUTROS"
        ],
        "id": "metaMask"
    },
    {
        "nome": "Crypto.com",
        "img": "crypto",
        "tipo": [
            "INVESTIMENTO",
            "OUTROS"
        ],
        "id": "crypto.com"
    },
    {
        "nome": "Bilaxy",
        "img": "bilaxy",
        "tipo": [
            "INVESTIMENTO",
            "OUTROS"
        ],
        "id": "bilaxy"
    },
    {
        "nome": "HotBit",
        "img": "hotbit",
        "tipo": [
            "INVESTIMENTO",
            "OUTROS"
        ],
        "id": "hotBit"
    },
    {
        "nome": "BigOne",
        "img": "bigone",
        "tipo": [
            "INVESTIMENTO",
            "OUTROS"
        ],
        "id": "bigOne"
    },
    {
        "nome": "Bitget",
        "img": "bitget",
        "tipo": [
            "INVESTIMENTO",
            "OUTROS"
        ],
        "id": "bitget"
    },
    {
        "nome": "Pangolin",
        "img": "pangolin",
        "tipo": [
            "INVESTIMENTO",
            "OUTROS"
        ],
        "id": "pangolin"
    },
    {
        "nome": "AscendEX",
        "img": "ascendex",
        "tipo": [
            "INVESTIMENTO",
            "OUTROS"
        ],
        "id": "ascendEX"
    },
    {
        "nome": "Dodo",
        "img": "dodo",
        "tipo": [
            "INVESTIMENTO",
            "OUTROS"
        ],
        "id": "dodo"
    },
    {
        "nome": "Portis",
        "img": "portis",
        "tipo": [
            "INVESTIMENTO",
            "OUTROS"
        ],
        "id": "portis"
    },
    {
        "nome": "Bitski",
        "img": "bitski",
        "tipo": [
            "INVESTIMENTO",
            "OUTROS"
        ],
        "id": "bitski"
    },
    {
        "nome": "Torus",
        "img": "torus",
        "tipo": [
            "INVESTIMENTO",
            "OUTROS"
        ],
        "id": "torus"
    },
    {
        "nome": "Arkane",
        "img": "arkane",
        "tipo": [
            "INVESTIMENTO",
            "OUTROS"
        ],
        "id": "arkane"
    },
    {
        "nome": "Walletlink",
        "img": "walletlink",
        "tipo": [
            "INVESTIMENTO",
            "OUTROS"
        ],
        "id": "walletlink"
    },
    {
        "nome": "1Inch",
        "img": "1inch",
        "tipo": [
            "INVESTIMENTO",
            "OUTROS"
        ],
        "id": "1inch"
    },
    {
        "nome": "MyEtherWallet",
        "img": "mewcrypto",
        "tipo": [
            "INVESTIMENTO",
            "OUTROS"
        ],
        "id": "mew"
    },
    {
        "nome": "Authereum",
        "img": "authereum",
        "tipo": [
            "INVESTIMENTO",
            "OUTROS"
        ],
        "id": "authereum"
    },
    {
        "nome": "WalletConnect",
        "img": "wallectconnect",
        "tipo": [
            "INVESTIMENTO",
            "OUTROS"
        ],
        "id": "walletConnect"
    },
    {
        "nome": "Formatic",
        "img": "formatic",
        "tipo": [
            "INVESTIMENTO",
            "OUTROS"
        ],
        "id": "formatic"
    },
    {
        "nome": "Web3",
        "img": "web3",
        "tipo": [
            "INVESTIMENTO",
            "OUTROS"
        ],
        "id": "web3"
    },
    {
        "nome": "Ledger",
        "img": "ledger",
        "tipo": [
            "INVESTIMENTO",
            "OUTROS"
        ],
        "id": "ledger"
    },
    {
        "nome": "BitMart",
        "img": "bitmart",
        "tipo": [
            "INVESTIMENTO",
            "OUTROS"
        ],
        "id": "bitmart"
    },
    {
        "nome": "Bibox",
        "img": "bibox",
        "tipo": [
            "INVESTIMENTO",
            "OUTROS"
        ],
        "id": "bibox"
    },
    {
        "nome": "CEX.io",
        "img": "cex",
        "tipo": [
            "INVESTIMENTO",
            "OUTROS"
        ],
        "id": "cex"
    },
    {
        "nome": "mxc.com",
        "img": "cex",
        "tipo": [
            "INVESTIMENTO",
            "OUTROS"
        ],
        "id": "mxc"
    },
    {
        "nome": "Socios",
        "img": "socios",
        "tipo": [
            "INVESTIMENTO",
            "OUTROS"
        ],
        "id": "socios"
    },
    {
        "nome": "Inco",
        "img": "inco",
        "tipo": [
            "INVESTIMENTO",
            "OUTROS"
        ],
        "id": "inco"
    },
    {
        "nome": "Fidelity",
        "img": "fidelity",
        "tipo": [
            "INVESTIMENTO",
            "OUTROS"
        ],
        "id": "fidelity"
    },
    {
        "nome": "Brasil Bitcoin",
        "img": "brasilbitcoin",
        "tipo": [
            "INVESTIMENTO",
            "OUTROS"
        ],
        "id": "brasilbitcoin"
    },
    {
        "nome": "FTX",
        "img": "ftx",
        "tipo": [
            "INVESTIMENTO",
            "OUTROS"
        ],
        "id": "ftx"
    },
    {
        "nome": "Trust Wallet",
        "img": "trustwallet",
        "tipo": [
            "INVESTIMENTO",
            "OUTROS"
        ],
        "id": "trustwallet"
    },
    {
        "nome": "Riachuelo",
        "img": "riachuelo",
        "tipo": [
            "INVESTIMENTO",
            "OUTROS"
        ],
        "id": "riachuelo"
    },
    {
        "nome": "Abastece Aí",
        "img": "abastece-ai",
        "tipo": [
            "INVESTIMENTO",
            "OUTROS"
        ],
        "id": "abastece-ai"
    },
    {
        "nome": "Banricard",
        "img": "banricard",
        "tipo": [
            "INVESTIMENTO",
            "OUTROS"
        ],
        "id": "banricard"
    },
    {
        "nome": "Ebanx Go",
        "img": "ebanx-go",
        "tipo": [
            "INVESTIMENTO",
            "OUTROS"
        ],
        "id": "ebanx-go"
    },
    {
        "nome": "Rappi Bank",
        "img": "rappi-bank",
        "tipo": [
            "INVESTIMENTO",
            "OUTROS"
        ],
        "id": "rappi-bank"
    },
    {
        "nome": "Rappi Card",
        "img": "rappi-card",
        "tipo": [
            "INVESTIMENTO",
            "OUTROS"
        ],
        "id": "rappi-card"
    },
    {
        "nome": "Ronin Wallet",
        "img": "ronin-wallet",
        "tipo": [
            "INVESTIMENTO",
            "OUTROS"
        ],
        "id": "ronin-wallet"
    },
    {
        "nome": "Caixa Tem",
        "img": "caixa-tem",
        "tipo": [
            "INVESTIMENTO",
            "OUTROS"
        ],
        "id": "caixa-tem"
    },
    {
        "nome": "Credicard On",
        "img": "credicard-on",
        "tipo": [
            "INVESTIMENTO",
            "OUTROS"
        ],
        "id": "credicard-on"
    },
    {
        "nome": "Credicard Zero",
        "img": "credicard-zero",
        "tipo": [
            "INVESTIMENTO",
            "OUTROS"
        ],
        "id": "credicard-zero"
    },
    {
        "nome": "FGTS",
        "img": "fgts",
        "tipo": [
            "INVESTIMENTO",
            "OUTROS"
        ],
        "id": "fgts"
    },
    {
        "nome": "99Pay",
        "img": "99pay",
        "tipo": [
            "INVESTIMENTO",
            "OUTROS"
        ],
        "id": "99pay"
    },
    {
        "nome": "Blockchain Pay",
        "img": "blockchain",
        "tipo": [
            "INVESTIMENTO",
            "OUTROS"
        ],
        "id": "blockchain"
    },
    {
        "nome": "Nu Invest Pay",
        "img": "nuinvest",
        "tipo": [
            "INVESTIMENTO",
            "OUTROS"
        ],
        "id": "nuinvest"
    },
    {
        "nome": "Opensea",
        "img": "opensea",
        "tipo": [
            "INVESTIMENTO",
            "OUTROS"
        ],
        "id": "opensea"
    },
    {
        "nome": "Poupex",
        "img": "poupex",
        "tipo": [
            "INVESTIMENTO",
            "OUTROS"
        ],
        "id": "poupex"
    },
    {
        "nome": "Rarible",
        "img": "rarible",
        "tipo": [
            "INVESTIMENTO",
            "OUTROS"
        ],
        "id": "rarible"
    },
    {
        "nome": "Vexpenses",
        "img": "vexpenses",
        "tipo": [
            "INVESTIMENTO",
            "OUTROS"
        ],
        "id": "vexpenses"
    },
    {
        "nome": "Dinheiro na Nota",
        "img": "dinheiro-na-nota",
        "tipo": [
            "INVESTIMENTO",
            "OUTROS"
        ],
        "id": "dinheiro-na-nota"
    },
    {
        "nome": "BB Estilo",
        "img": "bb-estilo",
        "tipo": [
            "INVESTIMENTO",
            "OUTROS"
        ],
        "id": "bb-estilo"
    },
    {
        "nome": "Gelt",
        "img": "gelt",
        "tipo": [
            "INVESTIMENTO",
            "OUTROS"
        ],
        "id": "gelt"
    },
    {
        "nome": "Wise",
        "img": "wise",
        "tipo": [
            "INVESTIMENTO",
            "OUTROS"
        ],
        "id": "wise"
    },
    {
        "nome": "Quotex",
        "img": "quotex",
        "tipo": [
            "INVESTIMENTO",
            "OUTROS"
        ],
        "id": "quotex"
    },
    {
        "nome": "XTB",
        "img": "xtb",
        "tipo": [
            "INVESTIMENTO",
            "OUTROS"
        ],
        "id": "xtb"
    },
    {
        "nome": "CoinStats",
        "img": "coinstats",
        "tipo": [
            "INVESTIMENTO",
            "OUTROS"
        ],
        "id": "coinstats"
    },
    {
        "nome": "Sem Parar",
        "img": "semparar",
        "tipo": [
            "INVESTIMENTO",
            "OUTROS"
        ],
        "id": "semparar"
    },
    {
        "nome": "Empiricus",
        "img": "empiricus",
        "tipo": [
            "INVESTIMENTO",
            "OUTROS"
        ],
        "id": "empiricus"
    },
    {
        "nome": "Scotiabank",
        "img": "scotiabank",
        "tipo": [
            "INVESTIMENTO",
            "OUTROS"
        ],
        "id": "scotiabank"
    },
    {
        "nome": "Desty",
        "img": "desty",
        "tipo": [
            "INVESTIMENTO",
            "OUTROS"
        ],
        "id": "desty"
    },
    {
        "nome": "Grão Investimentos",
        "img": "grao-investimentos",
        "tipo": [
            "INVESTIMENTO",
            "OUTROS"
        ],
        "id": "grao-investimentos"
    },
    {
        "nome": "Azul",
        "img": "azul",
        "tipo": [
            "INVESTIMENTO",
            "OUTROS"
        ],
        "id": "azul"
    },
    {
        "nome": "Digimais",
        "img": "digimais",
        "tipo": [
            "INVESTIMENTO",
            "OUTROS"
        ],
        "id": "digimais"
    },
    {
        "nome": "Renner",
        "img": "renner",
        "tipo": [
            "INVESTIMENTO",
            "OUTROS"
        ],
        "id": "renner"
    },
    {
        "nome": "C6 Átomos",
        "img": "atomos",
        "tipo": [
            "INVESTIMENTO",
            "OUTROS"
        ],
        "id": "atomos"
    },
    {
        "nome": "Livelo",
        "img": "livelo",
        "tipo": [
            "INVESTIMENTO",
            "OUTROS"
        ],
        "id": "livelo"
    },
    {
        "nome": "TudoAzul",
        "img": "tudoazul",
        "tipo": [
            "INVESTIMENTO",
            "OUTROS"
        ],
        "id": "tudoazul"
    },
    {
        "nome": "Esfera",
        "img": "esfera",
        "tipo": [
            "INVESTIMENTO",
            "OUTROS"
        ],
        "id": "esfera"
    },
    {
        "nome": "Curtai",
        "img": "curtai",
        "tipo": [
            "INVESTIMENTO",
            "OUTROS"
        ],
        "id": "curtai"
    },
    {
        "nome": "Latam Pass",
        "img": "latampass",
        "tipo": [
            "INVESTIMENTO",
            "OUTROS"
        ],
        "id": "latampass"
    },
    {
        "nome": "Royal Bank",
        "img": "royal-bank",
        "tipo": [
            "INVESTIMENTO",
            "OUTROS"
        ],
        "id": "royal-bank"
    },
    {
        "nome": "UtilCard",
        "img": "util-card",
        "tipo": [
            "INVESTIMENTO",
            "OUTROS"
        ],
        "id": "util-card"
    },
    {
        "nome": "Vólus",
        "img": "volus",
        "tipo": [
            "INVESTIMENTO",
            "OUTROS"
        ],
        "id": "volus"
    },
    {
        "nome": "Sisprime",
        "img": "sisprime",
        "tipo": [
            "INVESTIMENTO",
            "OUTROS"
        ],
        "id": "sisprime"
    },
    {
        "nome": "Motorola Dimo",
        "img": "motorola-dimo",
        "tipo": [
            "INVESTIMENTO",
            "OUTROS"
        ],
        "id": "motorola-dimo"
    },
    {
        "nome": "Amazon",
        "img": "amazon",
        "tipo": [
            "INVESTIMENTO",
            "OUTROS"
        ],
        "id": "amazon"
    },
    {
        "nome": "Amazon Prime",
        "img": "amazon-prime",
        "tipo": [
            "INVESTIMENTO",
            "OUTROS"
        ],
        "id": "amazon-prime"
    },
    {
        "nome": "Caixa Geral de Depósitos",
        "img": "cgd",
        "tipo": [
            "INVESTIMENTO",
            "OUTROS"
        ],
        "id": "cgd"
    },
    {
        "nome": "Meubank",
        "img": "meubank",
        "tipo": [
            "INVESTIMENTO",
            "CONTA CORRENTE",
            "OUTROS"
        ],
        "id": "meubank"
    },
    {
        "nome": "PicPay Empresas",
        "img": "picpay-empresas",
        "tipo": [
            "INVESTIMENTO",
            "CONTA CORRENTE",
            "OUTROS"
        ],
        "id": "picpayEmpresas"
    },
    {
        "nome": "BPD Bank",
        "img": "bpd",
        "tipo": [
            "INVESTIMENTO",
            "CONTA CORRENTE",
            "OUTROS"
        ],
        "id": "bpd"
    },
    {
        "nome": "Girabank",
        "img": "girabank",
        "tipo": [
            "INVESTIMENTO",
            "CONTA CORRENTE",
            "OUTROS"
        ],
        "id": "girabank"
    },
    {
        "nome": "Sproutfi",
        "img": "sproutfi",
        "tipo": [
            "INVESTIMENTO",
            "CONTA CORRENTE",
            "OUTROS"
        ],
        "id": "sproutfi"
    },
    {
        "nome": "Linker",
        "img": "linker",
        "tipo": [
            "INVESTIMENTO",
            "CONTA CORRENTE",
            "OUTROS"
        ],
        "id": "linker"
    },
    {
        "nome": "Contabilizei",
        "img": "contabilizei",
        "tipo": [
            "INVESTIMENTO",
            "CONTA CORRENTE",
            "OUTROS"
        ],
        "id": "contabilizei"
    },
    {
        "nome": "Itaú Corretora",
        "img": "itau-corretora",
        "tipo": [
            "INVESTIMENTO",
            "CONTA CORRENTE",
            "OUTROS"
        ],
        "id": "itau-corretora"
    },
    {
        "nome": "KAB",
        "img": "kab",
        "tipo": [
            "INVESTIMENTO",
            "CONTA CORRENTE",
            "OUTROS"
        ],
        "id": "kab"
    },
    {
        "nome": "Moeda",
        "img": "def_moeda",
        "tipo": [
            "OUTROS"
        ],
        "id": "def_moeda"
    },
    {
        "nome": "Porquinho",
        "img": "def_porquinho",
        "tipo": [
            "OUTROS"
        ],
        "id": "def_porquinho"
    },
    {
        "nome": "Banco",
        "img": "def_banco",
        "tipo": [
            "OUTROS"
        ],
        "id": "def_banco"
    },
    {
        "nome": "Baú",
        "img": "def_bau",
        "tipo": [
            "OUTROS"
        ],
        "id": "def_bau"
    },
    {
        "nome": "Cofre",
        "img": "def_cofre",
        "tipo": [
            "OUTROS"
        ],
        "id": "def_cofre"
    },
    {
        "nome": "Carteira",
        "img": "def_carteira",
        "tipo": [
            "OUTROS"
        ],
        "id": "def_carteira"
    },
    {
        "nome": "Carro",
        "img": "def_carro",
        "tipo": [
            "OUTROS"
        ],
        "id": "def_carro"
    },
    {
        "nome": "Estrela",
        "img": "def_estrela",
        "tipo": [
            "OUTROS"
        ],
        "id": "def_estrela"
    },
    {
        "nome": "Mulher 1",
        "img": "def_girl_glasses",
        "tipo": [
            "OUTROS"
        ],
        "id": "def_girl_glasses"
    },
    {
        "nome": "Mulher 2",
        "img": "def_girl",
        "tipo": [
            "OUTROS"
        ],
        "id": "def_girl"
    },
    {
        "nome": "Mulher 3",
        "img": "def_girl2",
        "tipo": [
            "OUTROS"
        ],
        "id": "def_girl2"
    },
    {
        "nome": "Mulher 4",
        "img": "def_girl3",
        "tipo": [
            "OUTROS"
        ],
        "id": "def_girl3"
    },
    {
        "nome": "Mulher 5",
        "img": "def_girl4",
        "tipo": [
            "OUTROS"
        ],
        "id": "def_girl4"
    },
    {
        "nome": "Homem 1",
        "img": "def_man_glasses",
        "tipo": [
            "OUTROS"
        ],
        "id": "def_man_glasses"
    },
    {
        "nome": "Homem 2",
        "img": "def_man",
        "tipo": [
            "OUTROS"
        ],
        "id": "def_man"
    },
    {
        "nome": "Homem 3",
        "img": "def_man2",
        "tipo": [
            "OUTROS"
        ],
        "id": "def_man2"
    },
    {
        "nome": "Bolsa",
        "img": "def_purse",
        "tipo": [
            "OUTROS"
        ],
        "id": "def_purse"
    },
    {
        "nome": "Balança",
        "img": "def_balance",
        "tipo": [
            "OUTROS"
        ],
        "id": "def_balance"
    },
    {
        "nome": "Transação",
        "img": "def_bank_transaction",
        "tipo": [
            "OUTROS"
        ],
        "id": "def_bank_transaction"
    },
    {
        "nome": "Código barras",
        "img": "def_barcode",
        "tipo": [
            "OUTROS"
        ],
        "id": "def_barcode"
    },
    {
        "nome": "Nota",
        "img": "def_bill",
        "tipo": [
            "OUTROS"
        ],
        "id": "def_bill"
    },
    {
        "nome": "Notas",
        "img": "def_bills",
        "tipo": [
            "OUTROS"
        ],
        "id": "def_bills"
    },
    {
        "nome": "Ônibus",
        "img": "def_bus",
        "tipo": [
            "OUTROS"
        ],
        "id": "def_bus"
    },
    {
        "nome": "Mala de dinheiro",
        "img": "def_cashbox",
        "tipo": [
            "OUTROS"
        ],
        "id": "def_cashbox"
    },
    {
        "nome": "Cheque",
        "img": "def_check",
        "tipo": [
            "OUTROS"
        ],
        "id": "def_check"
    },
    {
        "nome": "Euro",
        "img": "def_coin_euro",
        "tipo": [
            "OUTROS"
        ],
        "id": "def_coin_euro"
    },
    {
        "nome": "Libra",
        "img": "def_coin_pound",
        "tipo": [
            "OUTROS"
        ],
        "id": "def_coin_pound"
    },
    {
        "nome": "Moedas",
        "img": "def_coins",
        "tipo": [
            "OUTROS"
        ],
        "id": "def_coins"
    },
    {
        "nome": "Empresa",
        "img": "def_company",
        "tipo": [
            "OUTROS"
        ],
        "id": "def_company"
    },
    {
        "nome": "Empresa 2",
        "img": "def_company2",
        "tipo": [
            "OUTROS"
        ],
        "id": "def_company2"
    },
    {
        "nome": "Bitcoin",
        "img": "def_currency_bitcoin_sign",
        "tipo": [
            "OUTROS"
        ],
        "id": "def_cur_bitcoin_sign"
    },
    {
        "nome": "Dólar",
        "img": "def_currency_dollar_sign",
        "tipo": [
            "OUTROS"
        ],
        "id": "def_cur_dollar_sign"
    },
    {
        "nome": "Euro",
        "img": "def_currency_euro_sign",
        "tipo": [
            "OUTROS"
        ],
        "id": "def_cur_euro_sign"
    },
    {
        "nome": "Libra",
        "img": "def_currency_pound_sign",
        "tipo": [
            "OUTROS"
        ],
        "id": "def_cur_pound_sign"
    },
    {
        "nome": "Depósito",
        "img": "def_deposit",
        "tipo": [
            "OUTROS"
        ],
        "id": "def_deposit"
    },
    {
        "nome": "Fábrica",
        "img": "def_factory",
        "tipo": [
            "OUTROS"
        ],
        "id": "def_factory"
    },
    {
        "nome": "Ouro",
        "img": "def_gold",
        "tipo": [
            "OUTROS"
        ],
        "id": "def_gold"
    },
    {
        "nome": "Aperto de mão",
        "img": "def_hand_handshake",
        "tipo": [
            "OUTROS"
        ],
        "id": "def_hand_handshake"
    },
    {
        "nome": "Cobrança",
        "img": "def_invoice",
        "tipo": [
            "OUTROS"
        ],
        "id": "def_invoice"
    },
    {
        "nome": "Empréstimo",
        "img": "def_loan",
        "tipo": [
            "OUTROS"
        ],
        "id": "def_loan"
    },
    {
        "nome": "Mastercard",
        "img": "def_mastercard",
        "tipo": [
            "OUTROS"
        ],
        "id": "def_mastercard"
    },
    {
        "nome": "Dinheiro",
        "img": "def_money",
        "tipo": [
            "OUTROS"
        ],
        "id": "def_money"
    },
    {
        "nome": "Pagamento",
        "img": "def_payment",
        "tipo": [
            "OUTROS"
        ],
        "id": "def_payment"
    },
    {
        "nome": "PayPal",
        "img": "def_paypal",
        "tipo": [
            "OUTROS"
        ],
        "id": "def_paypal"
    },
    {
        "nome": "Avião",
        "img": "def_plane",
        "tipo": [
            "OUTROS"
        ],
        "id": "def_plane"
    },
    {
        "nome": "Etiqueta",
        "img": "def_price_tag",
        "tipo": [
            "OUTROS"
        ],
        "id": "def_price_tag"
    },
    {
        "nome": "Cofre aberto",
        "img": "def_safety_box_open",
        "tipo": [
            "OUTROS"
        ],
        "id": "def_safety_box_open"
    },
    {
        "nome": "Salário",
        "img": "def_salary",
        "tipo": [
            "OUTROS"
        ],
        "id": "def_salary"
    },
    {
        "nome": "Guindaste",
        "img": "def_send_crate2",
        "tipo": [
            "OUTROS"
        ],
        "id": "def_send_crate2"
    },
    {
        "nome": "Navio",
        "img": "def_ship",
        "tipo": [
            "OUTROS"
        ],
        "id": "def_ship"
    },
    {
        "nome": "Cesta de compras",
        "img": "def_shopping_basket",
        "tipo": [
            "OUTROS"
        ],
        "id": "def_shopping_basket"
    },
    {
        "nome": "Carrinho de compras",
        "img": "def_shopping_cart",
        "tipo": [
            "OUTROS"
        ],
        "id": "def_shopping_cart"
    },
    {
        "nome": "Taxa",
        "img": "def_tax",
        "tipo": [
            "OUTROS"
        ],
        "id": "def_tax"
    },
    {
        "nome": "Caminhão",
        "img": "def_truck",
        "tipo": [
            "OUTROS"
        ],
        "id": "def_truck"
    },
    {
        "nome": "Transferência bancária",
        "img": "def_wire_transfer",
        "tipo": [
            "OUTROS"
        ],
        "id": "def_wire_transfer"
    },
    {
        "nome": "Homem 4",
        "img": "def_man3",
        "tipo": [
            "OUTROS"
        ],
        "id": "def_man3"
    },
    {
        "nome": "Saque",
        "img": "def_withdrawal",
        "tipo": [
            "OUTROS"
        ],
        "id": "def_withdrawal"
    },
    {
        "nome": "Dinheiro",
        "img": "def_saco",
        "tipo": [
            "OUTROS"
        ],
        "id": "def_saco"
    },
    {
        "nome": "Casa",
        "img": "def_casa",
        "tipo": [
            "OUTROS"
        ],
        "id": "def_casa"
    },
    {
        "nome": "Lote",
        "img": "def_lote",
        "tipo": [
            "OUTROS"
        ],
        "id": "def_lote"
    },
    {
        "nome": "Sítio",
        "img": "def_sitio",
        "tipo": [
            "OUTROS"
        ],
        "id": "def_sitio"
    },
    {
        "nome": "Container",
        "img": "def_container",
        "tipo": [
            "OUTROS"
        ],
        "id": "def_container"
    }
]