[
    {
        "id": 126051190,
        "uuid": "d437bdbc3f4da81c8c114755c844b5808c6809e8",
        "name": "Alimentação",
        "color": "e274a8",
        "children": null,
        "parent_uuid": null,
        "kind": "expenses",
        "group_id": "food",
        "default": false,
        "available": true,
        "fixed": true,
        "is_fixed_parent": false
    },
    {
        "id": 126051204,
        "uuid": "7fdcae010e89c939edf608b329a20e0f85706b9e",
        "name": "Assinaturas e serviços",
        "color": "c671e4",
        "children": null,
        "parent_uuid": null,
        "kind": "expenses",
        "group_id": "subscriptions_and_services",
        "default": false,
        "available": true,
        "fixed": true,
        "is_fixed_parent": false
    },
    {
        "id": 126051183,
        "uuid": "9ab5be21ffe3f06243d41c5790865218755d889e",
        "name": "Bares e restaurantes",
        "color": "626491",
        "children": null,
        "parent_uuid": null,
        "kind": "expenses",
        "group_id": "bars_and_restaurants",
        "default": false,
        "available": true,
        "fixed": true,
        "is_fixed_parent": false
    },
    {
        "id": 126051194,
        "uuid": "097f105fa504728513da6044ced42d516e259d61",
        "name": "Casa",
        "color": "8193ff",
        "children": null,
        "parent_uuid": null,
        "kind": "expenses",
        "group_id": "home",
        "default": false,
        "available": true,
        "fixed": true,
        "is_fixed_parent": false
    },
    {
        "id": 126051203,
        "uuid": "a911ab9dc4b09135ee22aaef21fc193662db3a74",
        "name": "Compras",
        "color": "f67cff",
        "children": null,
        "parent_uuid": null,
        "kind": "expenses",
        "group_id": "shopping",
        "default": false,
        "available": true,
        "fixed": true,
        "is_fixed_parent": false
    },
    {
        "id": 126051200,
        "uuid": "c9646cb62913e6ca365d42a94e7225df7521dab8",
        "name": "Cuidados pessoais",
        "color": "ff676d",
        "children": null,
        "parent_uuid": null,
        "kind": "expenses",
        "group_id": "personal_care",
        "default": false,
        "available": true,
        "fixed": true,
        "is_fixed_parent": false
    },
    {
        "id": 126051185,
        "uuid": "4c6ffb2bfdf0c43a195a43deb48b6db76ac12850",
        "name": "Dívidas e empréstimos",
        "color": "ff6c6c",
        "children": null,
        "parent_uuid": null,
        "kind": "expenses",
        "group_id": "debts_and_loans",
        "default": false,
        "available": true,
        "fixed": true,
        "is_fixed_parent": false
    },
    {
        "id": 126051187,
        "uuid": "acc784361e49d67f0625fb1835f6409930802e39",
        "name": "Educação",
        "color": "6470ba",
        "children": null,
        "parent_uuid": null,
        "kind": "expenses",
        "group_id": "education",
        "default": false,
        "available": true,
        "fixed": true,
        "is_fixed_parent": false
    },
    {
        "id": 126051197,
        "uuid": "c8022010855720fbd7ca419715f057b61b2ccfe1",
        "name": "Empréstimos",
        "color": "27C498",
        "children": null,
        "parent_uuid": null,
        "kind": "earnings",
        "group_id": "loans",
        "default": false,
        "available": true,
        "fixed": true,
        "is_fixed_parent": false
    },
    {
        "id": 126051189,
        "uuid": "3a7096b6dadabd43550e97978d042cbd357b02ae",
        "name": "Família e filhos",
        "color": "a6e88b",
        "children": null,
        "parent_uuid": null,
        "kind": "expenses",
        "group_id": "family_and_children",
        "default": false,
        "available": true,
        "fixed": true,
        "is_fixed_parent": false
    },
    {
        "id": 126051205,
        "uuid": "62d8b8632b603d11a5f69d8f052a77e9bf0adb65",
        "name": "Impostos e Taxas",
        "color": "ff977c",
        "children": null,
        "parent_uuid": null,
        "kind": "expenses",
        "group_id": "taxes",
        "default": false,
        "available": true,
        "fixed": true,
        "is_fixed_parent": false
    },
    {
        "id": 126051186,
        "uuid": "f82b86e884388399be0a587938f8107e849e51ea",
        "name": "Investimentos",
        "color": "24B38A",
        "children": null,
        "parent_uuid": null,
        "kind": "earnings",
        "group_id": "earning_investments",
        "default": false,
        "available": true,
        "fixed": true,
        "is_fixed_parent": false
    },
    {
        "id": 126051195,
        "uuid": "21dfb30132537ba05ef28e0833ef0b7527d547cb",
        "name": "Investimentos",
        "color": "ff70a1",
        "children": null,
        "parent_uuid": null,
        "kind": "expenses",
        "group_id": "investments",
        "default": false,
        "available": true,
        "fixed": true,
        "is_fixed_parent": false
    },
    {
        "id": 126051188,
        "uuid": "169820f36031b4d7f6609e0c2144043ff52776b7",
        "name": "Lazer e hobbies",
        "color": "b8e64c",
        "children": null,
        "parent_uuid": null,
        "kind": "expenses",
        "group_id": "entertainment",
        "default": false,
        "available": true,
        "fixed": true,
        "is_fixed_parent": false
    },
    {
        "id": 126051192,
        "uuid": "2c50ea1079a6eeb8f39b241a95cc236be9240caa",
        "name": "Mercado",
        "color": "ff8a72",
        "children": null,
        "parent_uuid": null,
        "kind": "expenses",
        "group_id": "groceries",
        "default": false,
        "available": true,
        "fixed": true,
        "is_fixed_parent": false
    },
    {
        "id": 126051199,
        "uuid": "2edd81ff0723a0b59cb5c515c60c04d62860c6ec",
        "name": "Outras receitas",
        "color": "2BDCA9",
        "children": null,
        "parent_uuid": null,
        "kind": "earnings",
        "group_id": "other_earnings",
        "default": false,
        "available": true,
        "fixed": true,
        "is_fixed_parent": false
    },
    {
        "id": 126051198,
        "uuid": "c90bf6521b45d104bafce83879a2bb504e0d6b6b",
        "name": "Outros",
        "color": "b3b3b3",
        "children": null,
        "parent_uuid": null,
        "kind": "expenses",
        "group_id": "other",
        "default": true,
        "available": true,
        "fixed": true,
        "is_fixed_parent": false
    },
    {
        "id": 126051196,
        "uuid": "c8a6a678a94fd7e90c057582153ee7d7804631ab",
        "name": "Pagamento de fatura",
        "color": "b3b3b3",
        "children": null,
        "parent_uuid": null,
        "kind": "none",
        "group_id": "invoice_payment",
        "default": false,
        "available": true,
        "fixed": true,
        "is_fixed_parent": false
    },
    {
        "id": 126051201,
        "uuid": "b1b3fd89811efc318516f7e0a422423f5a471769",
        "name": "Pets",
        "color": "ffbe57",
        "children": null,
        "parent_uuid": null,
        "kind": "expenses",
        "group_id": "pets",
        "default": false,
        "available": true,
        "fixed": true,
        "is_fixed_parent": false
    },
    {
        "id": 126051191,
        "uuid": "9128ee952110ec72590fb4f2412f29fc8c3b0ba1",
        "name": "Presentes e doações",
        "color": "6b6fff",
        "children": null,
        "parent_uuid": null,
        "kind": "expenses",
        "group_id": "gifts_and_donations",
        "default": false,
        "available": true,
        "fixed": true,
        "is_fixed_parent": false
    },
    {
        "id": 126051184,
        "uuid": "0483c1a09ed705f6bc918733b30b7d5d5b02285f",
        "name": "Roupas",
        "color": "ff8258",
        "children": null,
        "parent_uuid": null,
        "kind": "expenses",
        "group_id": "clothing",
        "default": false,
        "available": true,
        "fixed": true,
        "is_fixed_parent": false
    },
    {
        "id": 126051202,
        "uuid": "98b7821f97dec99c127bcf72f737703a1cc3f07e",
        "name": "Salário",
        "color": "2EE8B3",
        "children": null,
        "parent_uuid": null,
        "kind": "earnings",
        "group_id": "salary",
        "default": false,
        "available": true,
        "fixed": true,
        "is_fixed_parent": false
    },
    {
        "id": 126051193,
        "uuid": "0e1d84d1bea53747b31747ba82f23a2a8e6e832f",
        "name": "Saúde",
        "color": "72b4ff",
        "children": null,
        "parent_uuid": null,
        "kind": "expenses",
        "group_id": "health",
        "default": false,
        "available": true,
        "fixed": true,
        "is_fixed_parent": false
    },
    {
        "id": 126051209,
        "uuid": "07c0d8f403a5fb6cde64ce3bba248b38c29676f1",
        "name": "Trabalho",
        "color": "446ff5",
        "children": null,
        "parent_uuid": null,
        "kind": "expenses",
        "group_id": "work",
        "default": false,
        "available": true,
        "fixed": true,
        "is_fixed_parent": false
    },
    {
        "id": 126051206,
        "uuid": "18ae78affa5509403651b1bec27f03a3109f41ba",
        "name": "Transferências",
        "color": "b3b3b3",
        "children": null,
        "parent_uuid": null,
        "kind": "none",
        "group_id": "transference",
        "default": false,
        "available": true,
        "fixed": true,
        "is_fixed_parent": false
    },
    {
        "id": 126051207,
        "uuid": "f9bc275869964b801f88260a2b703f773df9f615",
        "name": "Transporte",
        "color": "51bcff",
        "children": null,
        "parent_uuid": null,
        "kind": "expenses",
        "group_id": "transportation",
        "default": false,
        "available": true,
        "fixed": true,
        "is_fixed_parent": false
    },
    {
        "id": 126051208,
        "uuid": "76a84861b690b5e54b1e4b21902e617e8249499d",
        "name": "Viagem",
        "color": "ff6b6b",
        "children": null,
        "parent_uuid": null,
        "kind": "expenses",
        "group_id": "travel",
        "default": false,
        "available": true,
        "fixed": true,
        "is_fixed_parent": false
    }
]