[
    {
        "id": 1136507,
        "nome": "Conta corrente",
        "tipo": "CONTA CORRENTE",
        "status": true,
        "encerrada": false,
        "exibirBP": true,
        "apenasTransferencia": false,
        "liquidez": 1,
        "saldoInicial": 0,
        "moeda": 1,
        "dataSaldoInicial": "2023-08-30",
        "considerarCarteiraInvestimentos": 1,
        "permissoes": {
            "visivel": true,
            "acoes": {
                "editar": true,
                "excluir": true
            },
            "lancamento": {
                "contaOrigem": {
                    "categoria": {
                        "tipoL": {
                            "c": "nin",
                            "v": [
                                12
                            ]
                        }
                    }
                },
                "contaDestino": {
                    "categoria": {
                        "tipoL": {
                            "c": "nin",
                            "v": [
                                19,
                                18,
                                11
                            ]
                        }
                    }
                }
            }
        }
    },
    {
        "id": 1136516,
        "nome": "Conta Nubank",
        "tipo": "CONTA CORRENTE",
        "status": true,
        "encerrada": false,
        "banco": {
            "id": "nubank",
            "nome": "Nubank",
            "img": "nubank2",
            "tipo": [
                "CARTAOCREDITO"
            ]
        },
        "exibirBP": true,
        "apenasTransferencia": false,
        "liquidez": 1,
        "saldoInicial": 0,
        "moeda": 1,
        "dataSaldoInicial": "2023-08-30",
        "considerarCarteiraInvestimentos": 1,
        "permissoes": {
            "visivel": true,
            "acoes": {
                "editar": true,
                "excluir": true
            },
            "lancamento": {
                "contaOrigem": {
                    "categoria": {
                        "tipoL": {
                            "c": "nin",
                            "v": [
                                12
                            ]
                        }
                    }
                },
                "contaDestino": {
                    "categoria": {
                        "tipoL": {
                            "c": "nin",
                            "v": [
                                19,
                                18,
                                11
                            ]
                        }
                    }
                }
            }
        }
    },
    {
        "id": 1136518,
        "nome": "Conta C6 Bank",
        "tipo": "CONTA CORRENTE",
        "status": true,
        "encerrada": false,
        "banco": {
            "id": "c6bank",
            "nome": "C6 Bank",
            "img": "c6-2",
            "tipo": [
                "OUTROS"
            ]
        },
        "exibirBP": true,
        "apenasTransferencia": false,
        "liquidez": 1,
        "saldoInicial": 0,
        "moeda": 1,
        "dataSaldoInicial": "2023-08-30",
        "considerarCarteiraInvestimentos": 1,
        "permissoes": {
            "visivel": true,
            "acoes": {
                "editar": true,
                "excluir": true
            },
            "lancamento": {
                "contaOrigem": {
                    "categoria": {
                        "tipoL": {
                            "c": "nin",
                            "v": [
                                12
                            ]
                        }
                    }
                },
                "contaDestino": {
                    "categoria": {
                        "tipoL": {
                            "c": "nin",
                            "v": [
                                19,
                                18,
                                11
                            ]
                        }
                    }
                }
            }
        }
    }
]