[{
    "sum": [
        {
            "projetado": -186.38,
            "confirmado": -186.38,
            "conta": 1136507,
            "data": "2023-08-01",
            "tipo": "d"
        },
        {
            "projetado": 701.31,
            "confirmado": 701.31,
            "conta": 1136507,
            "data": "2023-08-01",
            "tipo": "r"
        },
        {
            "projetado": 200,
            "confirmado": 200,
            "conta": 1136516,
            "data": "2023-08-01",
            "tipo": "te"
        },
        {
            "projetado": 200,
            "confirmado": 200,
            "conta": 1136518,
            "data": "2023-08-01",
            "tipo": "te"
        },
        {
            "projetado": -400,
            "confirmado": -400,
            "conta": 1136507,
            "data": "2023-08-01",
            "tipo": "ts"
        },
        {
            "projetado": -1472.27,
            "confirmado": -1472.27,
            "conta": 1136507,
            "data": "2023-08-02",
            "tipo": "d"
        },
        {
            "projetado": 2366.04,
            "confirmado": 2366.04,
            "conta": 1136507,
            "data": "2023-08-02",
            "tipo": "r"
        },
        {
            "projetado": -311.57,
            "confirmado": -311.57,
            "conta": 1136507,
            "data": "2023-08-03",
            "tipo": "d"
        },
        {
            "projetado": -499.8,
            "confirmado": -499.8,
            "conta": 1136507,
            "data": "2023-08-04",
            "tipo": "d"
        },
        {
            "projetado": 1074.98,
            "confirmado": 1074.98,
            "conta": 1136507,
            "data": "2023-08-04",
            "tipo": "r"
        },
        {
            "projetado": -321.36,
            "confirmado": -321.36,
            "conta": 1136507,
            "data": "2023-08-05",
            "tipo": "d"
        },
        {
            "projetado": -107.72,
            "confirmado": -107.72,
            "conta": 1136507,
            "data": "2023-08-06",
            "tipo": "d"
        },
        {
            "projetado": 100,
            "confirmado": 100,
            "conta": 1136507,
            "data": "2023-08-06",
            "tipo": "r"
        },
        {
            "projetado": -1596.84,
            "confirmado": -1596.84,
            "conta": 1136507,
            "data": "2023-08-07",
            "tipo": "d"
        },
        {
            "projetado": -125.85,
            "confirmado": -125.85,
            "conta": 1136507,
            "data": "2023-08-08",
            "tipo": "d"
        },
        {
            "projetado": 502.32,
            "confirmado": 502.32,
            "conta": 1136507,
            "data": "2023-08-08",
            "tipo": "r"
        },
        {
            "projetado": -264.49,
            "confirmado": -264.49,
            "conta": 1136507,
            "data": "2023-08-09",
            "tipo": "d"
        },
        {
            "projetado": -58.56,
            "confirmado": -58.56,
            "conta": 1136507,
            "data": "2023-08-10",
            "tipo": "d"
        },
        {
            "projetado": 502.83,
            "confirmado": 502.83,
            "conta": 1136507,
            "data": "2023-08-10",
            "tipo": "r"
        },
        {
            "projetado": -185.76,
            "confirmado": -185.76,
            "conta": 1136507,
            "data": "2023-08-11",
            "tipo": "d"
        },
        {
            "projetado": 10000,
            "confirmado": 10000,
            "conta": 1136507,
            "data": "2023-08-15",
            "tipo": "r"
        },
        {
            "projetado": 0,
            "confirmado": 0,
            "conta": 1136507,
            "data": "2023-08-30",
            "tipo": "r"
        },
        {
            "projetado": 0,
            "confirmado": 0,
            "conta": 1136516,
            "data": "2023-08-30",
            "tipo": "r"
        },
        {
            "projetado": 0,
            "confirmado": 0,
            "conta": 1136518,
            "data": "2023-08-30",
            "tipo": "r"
        }
    ]
}
,{
    "id": 2548544209,
    "amountInCents": -39609,
    "description": "Seguro Viagem",
    "activityType": 0,
    "accountType": "Account",
    "categoryUuid": "76a84861b690b5e54b1e4b21902e617e8249499d",
    "categoryId": 126051208,
    "accountId": 6956882,
    "creditCardId": null,
    "creditCardInvoiceId": null,
    "paidCreditCardId": null,
    "paidCreditCardInvoiceId": null,
    "creditAccountUuid": null,
    "debitAccountUuid": null,
    "attachmentsCount": 0,
    "hasObservation": false,
    "firstOccurrenceDate": "2023-08-30",
    "hasLimitedRecurrence": false,
    "hasInfiniteRecurrence": false,
    "recurrenceUuid": null,
    "repeatIndex": 1,
    "repeatTotal": 2,
    "date": "2023-08-30",
    "done": true,
    "type": "Transaction",
    "billingDate": "2023-08-30",
    "createdAt": "2023-08-30T13:23:47-03:00",
    "tags": [],
    "conciliation": null,
    "automatic": false
}]